lead_id,tenant,campaign,addsales_code,lead_dt,addressid,address_description,zipcode,number,type_1,description_1,value_1,type_2,description_2,value_2,type_3,description_3,value_3,state,city,location,neighborhood,streetname,streettype,locationuniquezipcode,inventoryid,maxbandwidth,availabilitytype,availabilitycode,availabilitydescription,plan,price,name,birth_dt,fathersname,mothersname,rg,cpf,cnpj,social_name,email,serasa_infomais,serasa_infomais_dt,payment_day,payment_method,installation_date,doc_link_consumer,doc_link_address,doc_link_corporate,biometrics_life_transactions,biometrics_life_transactions_dt,biometrics_life_fraud,biometrics_life_fraud_dt,biometrics_score,biometrics_score_dt,auth_result,auth_result_dt,hzn_audit,vtal_order_installation,hzn_biometrics_result,hzn_biometrics_dt,hzn_informais_result,hzn_informais_dt,hzn_consumer_doc_result,hzn_consumer_doc_dt,hzn_address_info_result,hzn_address_info_dt,hzn_serpro_result,hzn_serpro_dt,hzn_corp_doc_result,hzn_corp_doc_dt,hzn_vtal_client_result,hzn_vtal_client_dt,hzn_vtal_qty_hc_result,hzn_vtal_qty_hc_dt,hzn_court_case_result,hzn_court_case_dt,hzn_serasa_result,hzn_serasa_dt,hzn_final_result,hzn_final_result_dt,hzn_pending,hzn_denied,subscriber_id,hzn_street_view_result,hzn_street_view_dt,desistencia_lead
1,Nexa Fiber,Porta-a-Porta,TESTE_AD428714,2023-06-28,ADDR-22713332,"Avenida Avenida das Acácias - Vila Nova, Santos/SP",04190-268,1482,Casa,Casa Ao lado da padaria,Ao lado da padaria,Unidade,Unidade 7,7,Apartamento,Apartamento Casa amarela,Casa amarela,SP,Santos,"-16.6031613,-49.2668431",Vila Nova,das Acácias,Avenida,true,INV-7022021,300 Mbps,3,750,Viabilidade Parcial,Fiber 200,89.90,Victor Ferraz de Castro Ribeiro,2000-02-23,Rodrigo de Castro Ribeiro,Carolina Ferraz Bucar Paredes,6605811,70661895157,57248611757453,Serviços Digitais SA,contato1@example.com,"{""status"": ""Em análise""}",2023-03-07,16,boleto,2025-05-14,https://example.com/docs/consumer/1,https://example.com/docs/address/1,https://example.com/docs/corporate/1,OK,2023-03-03,OK,2023-07-11,356,2024-03-23,manual_review,2024-04-21,true,ORD-165354,reprovado,,,,aprovado,2025-11-03,aprovado,2025-11-03,aprovado,2025-11-03,reprovado,2025-11-04,reprovado,,,,aprovado,2025-11-03,reprovado,2025-11-03,aprovado,,,,123123123,,,0
2,Urbanet Brasil,Indicação,TESTE_AD851319,2024-11-27,ADDR-99541398,"Rua Rua Dom Pedro - Candelária, Fortaleza/CE",22507-895,516,Unidade,Unidade 65,65,Referência,Referência Portão azul,Portão azul,Bloco,Bloco 28,28,CE,Fortaleza,"-27.595, -48.548",Candelária,Dom Pedro,Rua,true,INV-6915699,1 Gbps,1,830,Viabilidade Parcial,Fiber 500,119.90,Luiz Guilherme Sapia Franco,1974-09-11,Roberto Pereira,Helena Oliveira,478956321,29791551871,,,contato2@example.com,"{""status"": ""Sem restrições""}",2024-08-24,7,cartao_credito,2023-08-17,https://example.com/docs/consumer/2,https://example.com/docs/address/2,https://example.com/docs/corporate/2,REVIEW,2025-06-09,SUSPECT,2023-11-20,343,2025-07-18,denied,2023-01-07,true,ORD-148088,aprovado,2025-11-03,,,aprovado,,aprovado,,aprovado,2025-11-03,aprovado,,aprovado,,,,reprovado,,aprovado,2025-11-03,reprovado,2025-11-04,,valores extremos; processos,123123124,,,0
3,Nexa Fiber,Google Ads,TESTE_AD677641,2025-09-21,ADDR-20703049,"Rua Rua Paulista - Santa Cecília, Ribeirão Preto/SP",50580-084,3857,Apartamento,Apartamento 119,119,Andar,Andar 15,15,Referência,Referência Casa amarela,Casa amarela,SP,Ribeirão Preto,"-22.905, -43.176",Santa Cecília,Paulista,Rua,true,INV-5006532,1 Gbps,2,344,Viabilidade Parcial,Fiber 300,94.90,Nelson Massaki Kobayashi Junior,1998-12-14,Roberto Pereira,Aparecida Pereira,789654123,37786578870,,,contato3@example.com,"{""status"": ""Em análise""}",2024-03-13,16,debito_automatico,,https://example.com/docs/consumer/3,https://example.com/docs/address/3,https://example.com/docs/corporate/3,OK,2025-04-01,OK,2023-05-01,849,2023-12-04,denied,2025-02-15,false,ORD-803191,reprovado,2025-10-31,,,aprovado,2025-10-23,aprovado,2025-10-23,reprovado,2025-11-03,reprovado,,reprovado,,,,aprovado,2025-10-31,reprovado,,aprovado,,,,,,,1
4,TerraFixa,BlackFriday,TESTE_AD358979,2023-11-02,ADDR-21714197,"Alameda Alameda Sete de Setembro - Centro, Juazeiro do Norte/CE",46721-730,1928,Referência,Referência Frente,Frente,Unidade,Unidade 7,7,Apartamento,Apartamento Próximo ao mercado,Próximo ao mercado,CE,Juazeiro do Norte,"-23.562, -46.647",Centro,Sete de Setembro,Alameda,true,INV-1938826,500 Mbps,2,385,Viabilidade Total,Fiber 200,79.90,Mario Guilherme Batista,1989-01-26,Roberto Pereira,Adriana Almeida,556677889,46946208862,60703855000100,60.703.855 MARIO GUILHERME BATISTA,contato4@example.com,"{""status"": ""Pendência leve""}",2025-01-26,13,debito_automatico,,https://example.com/docs/consumer/4,https://example.com/docs/address/4,https://example.com/docs/corporate/4,REVIEW,2023-10-31,OK,2025-05-30,396,2023-09-19,denied,2023-03-27,false,ORD-637154,reprovado,2025-11-03,,,aprovado,,reprovado,,aprovado,2025-11-04,aprovado,2025-11-04,aprovado,,,,aprovado,2025-11-03,aprovado,2025-11-03,aprovado,,,,,,,0
5,AuroraNet Telecom,BlackFriday,TESTE_AD876210,2024-10-21,ADDR-24804616,"Avenida Avenida Rio Branco - Castelo, Caxias do Sul/RS",42607-714,721,Unidade,Unidade 37,37,Bloco,Bloco 17,17,Apartamento,Apartamento Casa amarela,Casa amarela,RS,Caxias do Sul,"-23.564, -46.652",Castelo,Rio Branco,Avenida,false,INV-0284869,700 Mbps,2,873,Viabilidade Total,Fiber 1G,169.90,Osni Segre Diniz,1968-04-06,Roberto Pereira,Adriana Almeida,,27048715820,,,contato5@example.com,"{""status"": ""Pendência leve""}",2025-06-23,25,pix,,https://example.com/docs/consumer/5,https://example.com/docs/address/5,https://example.com/docs/corporate/5,SUSPECT,2025-06-24,REVIEW,2024-03-13,759,2025-11-12,manual_review,2025-08-27,true,ORD-842436,aprovado,,,,aprovado,,aprovado,,aprovado,2025-11-04,aprovado,,aprovado,,,,aprovado,2025-11-04,aprovado,2025-11-04,aprovado,,,,,,,0
6,StarWave Fibra,Indicação,TESTE_AD737820,2023-02-25,ADDR-05936767,"Avenida Avenida Sete de Setembro - Candelária, Contagem/MG",91011-652,2866,Referência,Referência Fundos,Fundos,Andar,Andar 15,15,Unidade,Unidade 11,11,MG,Contagem,"-23.564, -46.652",Candelária,Sete de Setembro,Avenida,false,INV-7167189,100 Mbps,0,419,Viabilidade Total,Fiber 200,84.90,Maria Claudia Melo Estrada,1962-08-04,Roberto Pereira,Patricia Santos,,24123713858,,,contato6@example.com,"{""status"": ""Pendência leve""}",2025-05-27,15,cartao_credito,,https://example.com/docs/consumer/6,https://example.com/docs/address/6,https://example.com/docs/corporate/6,SUSPECT,2023-10-05,REVIEW,2025-08-03,824,2024-01-08,manual_review,2023-04-13,false,ORD-308127,reprovado,,,,aprovado,,aprovado,,aprovado,2025-11-03,reprovado,,reprovado,,,,aprovado,2025-11-03,reprovado,2025-11-03,aprovado,,,,123123128,,,0
7,Latitude Networks,Porta-a-Porta,TESTE_AD354547,2023-06-25,ADDR-37221115,"Travessa Travessa Sete de Setembro - Centro, Pelotas/RS",71247-952,412,Andar,Andar 38,38,Apartamento,Apartamento Portão azul,Portão azul,Casa,Casa Casa amarela,Casa amarela,RS,Pelotas,"-23.564, -46.652",Centro,Sete de Setembro,Travessa,true,INV-2337100,300 Mbps,1,753,Viabilidade Total,Fiber 1G,159.90,Amanda Carvalho Bonfanti,2000-06-17,Roberto Luiz Bonfanti,Rita de Cassia Bonfanti,,70699770181,,,contato7@example.com,"{""status"": ""Sem restrições""}",2025-04-12,18,boleto,2024-05-09,https://example.com/docs/consumer/7,https://example.com/docs/address/7,https://example.com/docs/corporate/7,OK,2025-09-27,OK,2024-05-07,618,2025-09-02,denied,2025-10-02,true,ORD-640228,reprovado,,,,aprovado,,reprovado,,aprovado,2025-11-03,aprovado,,aprovado,,,,aprovado,2025-11-03,aprovado,,aprovado,2025-11-04,ausencia de RG,,123123129,,,0
8,Nexa Fiber,Indicação,TESTE_AD695400,2024-04-05,ADDR-43209859,"Estrada Estrada Dom Pedro - Santa Cecília, Londrina/PR",96207-469,744,Referência,Referência Frente,Frente,Casa,Casa Portão azul,Portão azul,Unidade,Unidade 15,15,PR,Londrina,Londrina - PR,Santa Cecília,Dom Pedro,Estrada,false,INV-6403368,300 Mbps,3,810,Sem Viabilidade,Fiber 700,129.90,Paulo Salim Maluf,1975-02-07,Antônio Souza,Adriana Almeida,,768782872,,,contato8@example.com,"{""status"": ""Em análise""}",2024-06-28,23,debito_automatico,,https://example.com/docs/consumer/8,https://example.com/docs/address/8,https://example.com/docs/corporate/8,SUSPECT,2023-10-19,SUSPECT,2023-05-27,683,2023-05-03,approved,2023-12-06,true,ORD-411571,aprovado,,,,aprovado,,reprovado,2025-11-04,aprovado,2025-11-04,reprovado,,reprovado,,,,reprovado,,reprovado,,reprovado,,,,123123130,,,0
9,Nexa Fiber,Porta-a-Porta,TESTE_AD923843,2024-09-03,ADDR-49397619,"Travessa Travessa Sete de Setembro - Pinheiros, Caxias do Sul/RS",19318-090,591,Casa,Casa Frente,Frente,Unidade,Unidade 11,11,Andar,Andar 28,28,RS,Caxias do Sul,Caxias do Sul - RS,Pinheiros,Sete de Setembro,Travessa,false,INV-8907263,100 Mbps,2,972,Sem Viabilidade,Fiber 200,84.90,Carla Pereira,1976-09-15,Roberto Pereira,Rosana Souza,SP-80.069.974-0,68469072315,57108629142208,Tech & Fiber ME,contato9@example.com,"{""status"": ""Em análise""}",2023-11-01,18,cartao_credito,2025-09-29,https://example.com/docs/consumer/9,https://example.com/docs/address/9,https://example.com/docs/corporate/9,OK,2025-07-03,SUSPECT,2025-09-18,553,2024-12-07,manual_review,2024-11-11,true,ORD-296439,reprovado,,,,aprovado,,reprovado,,aprovado,,aprovado,,aprovado,,,,aprovado,,aprovado,,aprovado,,,,123123131,,,0
10,TerraFixa,Indicação,TESTE_AD676869,2024-08-27,ADDR-63457027,"Alameda Alameda Sete de Setembro - Moema, Niterói/RJ",11595-982,3378,Referência,Referência Fundos,Fundos,Bloco,Bloco 7,7,Unidade,Unidade 20,20,RJ,Niterói,Niterói - RJ,Moema,Sete de Setembro,Alameda,false,INV-9288407,200 Mbps,3,966,Sem Viabilidade,Fiber 1G,164.90,Maria Santos,1969-05-10,Antônio Souza,Lucia Silva,SP-21.372.363-6,46936664761,912533965578,Comércio de Alimentos LTDA,contato10@example.com,"{""status"": ""Pendência leve""}",2025-03-21,20,pix,2023-02-14,https://example.com/docs/consumer/10,https://example.com/docs/address/10,https://example.com/docs/corporate/10,SUSPECT,2024-07-16,OK,2023-01-17,906,2023-04-11,denied,2025-10-14,false,ORD-242393,reprovado,,,,aprovado,,aprovado,,aprovado,,aprovado,,aprovado,,,,aprovado,,aprovado,,aprovado,,,,123123132,,,0
11,Latitude Networks,Porta-a-Porta,TESTE_AD319081,2024-03-10,ADDR-12160072,"Travessa Travessa das Acácias - Jardim das Flores, Sorocaba/SP",31075-747,2103,Apartamento,Apartamento 76,76,Casa,Casa Portão azul,Portão azul,Bloco,Bloco 27,27,SP,Sorocaba,Sorocaba - SP,Jardim das Flores,das Acácias,Travessa,true,INV-4267963,1 Gbps,0,162,Viabilidade Total,Fiber 700,129.90,Rafael Carvalho,1985-09-13,Roberto Pereira,Lucia Silva,SP-49.006.026-5,39546078677,24234404631908,Comércio de Alimentos LTDA,contato11@example.com,"{""status"": ""Pendência leve""}",2023-04-14,4,debito_automatico,2023-02-13,https://example.com/docs/consumer/11,https://example.com/docs/address/11,https://example.com/docs/corporate/11,OK,2024-11-14,REVIEW,2024-05-13,261,2023-09-15,manual_review,2024-02-25,false,ORD-956489,aprovado,,,,reprovado,,aprovado,,reprovado,,reprovado,,reprovado,,,,aprovado,,reprovado,,aprovado,,,,123123133,,,0
12,StarWave Fibra,Orgânico,TESTE_AD986609,2025-11-05,ADDR-82173308,"Estrada Estrada dos Pinheiros - Moema, Santos/SP",54160-724,1397,Casa,Casa Frente,Frente,Referência,Referência Portão azul,Portão azul,Apartamento,Apartamento Casa amarela,Casa amarela,SP,Santos,Santos - SP,Moema,dos Pinheiros,Estrada,true,INV-3775001,700 Mbps,0,790,Viabilidade Total,Fiber 200,89.90,Lucas Almeida,1984-12-12,Roberto Pereira,Rosana Souza,SP-44.271.426-4,60350321230,,,contato12@example.com,"{""status"": ""Pendência leve""}",2023-11-13,23,pix,,https://example.com/docs/consumer/12,https://example.com/docs/address/12,https://example.com/docs/corporate/12,SUSPECT,2025-09-14,OK,2024-04-04,614,2023-08-10,approved,2024-12-18,false,ORD-919463,reprovado,,,,reprovado,,reprovado,,aprovado,,aprovado,,aprovado,,,,aprovado,2025-10-31,aprovado,,aprovado,,,,123123134,,,0
13,StarWave Fibra,Porta-a-Porta,TESTE_AD211676,2025-03-21,ADDR-17477495,"Alameda Alameda Sete de Setembro - Boa Vista, Niterói/RJ",66861-043,1126,Casa,Casa Frente,Frente,Apartamento,Apartamento Esquina com a praça,Esquina com a praça,Bloco,Bloco 24,24,RJ,Niterói,Niterói - RJ,Boa Vista,Sete de Setembro,Alameda,true,INV-3040326,100 Mbps,3,573,Sem Viabilidade,Fiber 1G,159.90,Juliana Rocha,1964-01-18,Marcos Almeida,Aparecida Pereira,SP-16.594.889-0,60795639376,,,contato13@example.com,"{""status"": ""Em análise""}",2024-11-26,23,pix,2024-09-27,https://example.com/docs/consumer/13,https://example.com/docs/address/13,https://example.com/docs/corporate/13,OK,2024-03-29,REVIEW,2024-11-13,925,2023-12-11,approved,2023-06-06,true,ORD-337868,aprovado,2025-10-22,pendente,2025-10-22,aprovado,2025-10-22,reprovado,2025-11-01,aprovado,,reprovado,,reprovado,,,,aprovado,2025-11-01,reprovado,,aprovado,,,,,,,1
14,RádioSol Internet,Indicação,TESTE_AD865116,2024-01-05,ADDR-69703796,"Estrada Estrada dos Pinheiros - Centro, Campos dos Goytacazes/RJ",77229-791,2779,Bloco,Bloco 109,109,Apartamento,Apartamento Portão azul,Portão azul,Referência,Referência Próximo ao mercado,Próximo ao mercado,RJ,Campos dos Goytacazes,Campos dos Goytacazes - RJ,Centro,dos Pinheiros,Estrada,false,INV-4235988,200 Mbps,2,153,Viabilidade Total,Fiber 500,114.90,Carla Pereira,1979-12-13,Carlos Silva,Aparecida Pereira,SP-88.272.914-9,24300529309,,,contato14@example.com,"{""status"": ""Em análise""}",2024-11-30,20,pix,,https://example.com/docs/consumer/14,https://example.com/docs/address/14,https://example.com/docs/corporate/14,OK,2025-09-22,SUSPECT,2024-01-29,443,2024-04-08,denied,2023-10-09,true,ORD-126608,aprovado,,,,reprovado,,reprovado,,aprovado,,aprovado,,aprovado,,,,reprovado,,aprovado,,reprovado,,,,,,,1
15,TerraFixa,Google Ads,TESTE_AD033730,2023-10-22,ADDR-26157133,"Rua Rua Dom Pedro - Candelária, Aparecida de Goiânia/GO",68694-117,3866,Bloco,Bloco 9,9,Apartamento,Apartamento Portão azul,Portão azul,Referência,Referência Casa amarela,Casa amarela,GO,Aparecida de Goiânia,Aparecida de Goiânia - GO,Candelária,Dom Pedro,Rua,false,INV-0278333,700 Mbps,3,359,Viabilidade Total,Fiber 1G,159.90,Ana Souza,1991-12-28,Paulo Oliveira,Lucia Silva,SP-83.138.783-9,44958706853,,,contato15@example.com,"{""status"": ""Em análise""}",2025-05-29,21,pix,,https://example.com/docs/consumer/15,https://example.com/docs/address/15,https://example.com/docs/corporate/15,SUSPECT,2023-01-04,REVIEW,2024-12-23,895,2024-05-07,approved,2025-05-03,false,ORD-916700,reprovado,,,,aprovado,,aprovado,,aprovado,,aprovado,,aprovado,,,,reprovado,,aprovado,,reprovado,,,,,,,1
16,Latitude Networks,BlackFriday,TESTE_AD015917,2025-07-10,ADDR-72669210,"Estrada Estrada Paulista - Castelo, Joinville/SC",17989-967,2253,Referência,Referência Ao lado da padaria,Ao lado da padaria,Andar,Andar 9,9,Unidade,Unidade 8,8,SC,Joinville,Joinville - SC,Castelo,Paulista,Estrada,false,INV-8879675,100 Mbps,1,911,Viabilidade Parcial,Fiber 300,99.90,Ana Souza,1969-05-15,Antônio Souza,Lucia Silva,SP-35.491.803-7,44451304518,,,contato16@example.com,"{""status"": ""Sem restrições""}",2025-01-31,9,cartao_credito,2025-01-29,https://example.com/docs/consumer/16,https://example.com/docs/address/16,https://example.com/docs/corporate/16,REVIEW,2025-06-28,REVIEW,2023-06-07,481,2023-10-09,approved,2025-12-20,false,ORD-660655,aprovado,2025-10-31,,,aprovado,,aprovado,,aprovado,,reprovado,,reprovado,,,,aprovado,,reprovado,,aprovado,,,,,,,1
17,Vortex Telecom,Porta-a-Porta,TESTE_AD862004,2023-06-16,ADDR-42637789,"Estrada Estrada dos Pinheiros - Castelo, Aparecida de Goiânia/GO",13534-220,1189,Unidade,Unidade 83,83,Casa,Casa Esquina com a praça,Esquina com a praça,Referência,Referência Casa amarela,Casa amarela,GO,Aparecida de Goiânia,Aparecida de Goiânia - GO,Castelo,dos Pinheiros,Estrada,false,INV-8499897,200 Mbps,1,610,Viabilidade Total,Fiber 200,79.90,Juliana Rocha,1965-05-23,Paulo Oliveira,Rosana Souza,SP-09.592.304-8,64584877345,,,contato17@example.com,"{""status"": ""Sem restrições""}",2024-06-26,20,pix,2023-04-04,https://example.com/docs/consumer/17,https://example.com/docs/address/17,https://example.com/docs/corporate/17,REVIEW,2024-03-07,OK,2025-05-03,246,2023-03-04,approved,2025-10-16,false,ORD-134465,aprovado,,,,reprovado,,aprovado,,aprovado,,aprovado,,aprovado,,,,aprovado,,aprovado,,aprovado,,,,,,,0
18,Latitude Networks,Orgânico,TESTE_AD388652,2024-11-19,ADDR-69520457,"Avenida Avenida Rio Branco - Castelo, Anápolis/GO",73825-714,1716,Apartamento,Apartamento 87,87,Referência,Referência Portão azul,Portão azul,Casa,Casa Casa amarela,Casa amarela,GO,Anápolis,Anápolis - GO,Castelo,Rio Branco,Avenida,true,INV-4256487,1 Gbps,1,631,Sem Viabilidade,Fiber 500,119.90,Gustavo Ribeiro,1990-03-30,Roberto Pereira,Rosana Souza,SP-53.193.377-6,66125292227,,,contato18@example.com,"{""status"": ""Pendência leve""}",2025-11-09,15,debito_automatico,2025-11-04,https://example.com/docs/consumer/18,https://example.com/docs/address/18,https://example.com/docs/corporate/18,REVIEW,2025-12-26,SUSPECT,2025-09-30,419,2024-09-05,approved,2025-08-30,false,ORD-825217,reprovado,,,,reprovado,,reprovado,,aprovado,,reprovado,,reprovado,,,,aprovado,,reprovado,,aprovado,,,,,,,0
19,GaiaLink,Indicação,TESTE_AD207627,2025-04-26,ADDR-80948908,"Estrada Estrada das Acácias - Santa Cecília, Curitiba/PR",71782-026,3803,Andar,Andar 84,84,Unidade,Unidade 7,7,Casa,Casa Casa amarela,Casa amarela,PR,Curitiba,Curitiba - PR,Santa Cecília,das Acácias,Estrada,false,INV-2954984,200 Mbps,0,438,Sem Viabilidade,Fiber 200,79.90,Juliana Rocha,1975-09-29,Paulo Oliveira,Aparecida Pereira,SP-17.757.188-8,50611322279,,,contato19@example.com,"{""status"": ""Pendência leve""}",2025-08-25,20,cartao_credito,,https://example.com/docs/consumer/19,https://example.com/docs/address/19,https://example.com/docs/corporate/19,OK,2023-07-25,OK,2023-10-09,689,2023-01-11,approved,2023-11-20,false,ORD-493797,aprovado,,,,reprovado,,reprovado,2025-11-01,reprovado,,aprovado,,aprovado,,,,aprovado,2025-11-01,aprovado,,aprovado,,,,,,,0
20,GaiaLink,Orgânico,TESTE_AD484014,2025-01-10,ADDR-55630202,"Estrada Estrada Paulista - Candelária, Maringá/PR",04750-894,1176,Bloco,Bloco 15,15,Referência,Referência Portão azul,Portão azul,Andar,Andar 23,23,PR,Maringá,Maringá - PR,Candelária,Paulista,Estrada,false,INV-1167938,500 Mbps,3,484,Sem Viabilidade,Fiber 700,139.90,Gustavo Ribeiro,1998-11-10,Roberto Pereira,Helena Oliveira,SP-19.319.879-4,74324118706,,,contato20@example.com,"{""status"": ""Sem restrições""}",2023-08-18,17,debito_automatico,,https://example.com/docs/consumer/20,https://example.com/docs/address/20,https://example.com/docs/corporate/20,OK,2023-05-07,REVIEW,2025-11-01,789,2024-02-19,denied,2023-11-03,true,ORD-578289,aprovado,2025-11-01,,,aprovado,,reprovado,2025-11-01,aprovado,,aprovado,,aprovado,,,,aprovado,2025-11-01,aprovado,,aprovado,,,,,,,0
21,RádioSol Internet,Porta-a-Porta,TESTE_AD748378,2023-12-25,ADDR-95951226,"Travessa Travessa dos Pinheiros - Centro, Londrina/PR",98071-266,3579,Referência,Referência Fundos,Fundos,Andar,Andar 10,10,Casa,Casa Casa amarela,Casa amarela,PR,Londrina,Londrina - PR,Centro,dos Pinheiros,Travessa,true,INV-1775483,100 Mbps,1,294,Viabilidade Total,Fiber 1G,169.90,Juliana Rocha,1963-10-21,José Santos,Aparecida Pereira,SP-62.957.353-2,54094893452,,,contato21@example.com,"{""status"": ""Pendência leve""}",2025-10-12,6,debito_automatico,,https://example.com/docs/consumer/21,https://example.com/docs/address/21,https://example.com/docs/corporate/21,OK,2023-04-07,OK,2024-12-06,937,2025-02-19,manual_review,2025-12-10,false,ORD-495600,aprovado,,,,aprovado,,reprovado,,aprovado,,reprovado,,reprovado,,,,reprovado,,reprovado,,reprovado,,,,,,,0
22,Nexa Fiber,BlackFriday,TESTE_AD540752,2023-11-06,ADDR-56491952,"Alameda Alameda das Acácias - Santa Cecília, São Paulo/SP",62370-942,2856,Casa,Casa Ao lado da padaria,Ao lado da padaria,Unidade,Unidade 16,16,Andar,Andar 1,1,SP,São Paulo,São Paulo - SP,Santa Cecília,das Acácias,Alameda,true,INV-2809604,500 Mbps,3,157,Viabilidade Total,Fiber 200,89.90,Pedro Oliveira,2001-02-11,Antônio Souza,Rosana Souza,SP-63.998.929-6,52962561802,,,contato22@example.com,"{""status"": ""Em análise""}",2024-03-23,24,debito_automatico,,https://example.com/docs/consumer/22,https://example.com/docs/address/22,https://example.com/docs/corporate/22,OK,2025-11-01,OK,2025-07-22,647,2025-02-03,approved,2023-05-04,false,ORD-837937,aprovado,,,,aprovado,,aprovado,,aprovado,,aprovado,,aprovado,,,,reprovado,,aprovado,,reprovado,,,,,,,1
23,AuroraNet Telecom,Google Ads,TESTE_AD310332,2025-06-03,ADDR-11454030,"Alameda Alameda das Acácias - Moema, Caxias do Sul/RS",53323-099,995,Apartamento,Apartamento 49,49,Referência,Referência Portão azul,Portão azul,Bloco,Bloco 24,24,RS,Caxias do Sul,Caxias do Sul - RS,Moema,das Acácias,Alameda,true,INV-6122112,300 Mbps,3,901,Viabilidade Total,Fiber 1G,164.90,Carla Pereira,1993-07-14,José Santos,Aparecida Pereira,SP-65.113.936-8,33889139239,,,contato23@example.com,"{""status"": ""Sem restrições""}",2025-02-17,24,pix,,https://example.com/docs/consumer/23,https://example.com/docs/address/23,https://example.com/docs/corporate/23,REVIEW,2023-06-25,OK,2024-08-27,648,2024-05-19,denied,2023-05-31,true,ORD-808761,aprovado,,,,aprovado,,aprovado,,aprovado,,reprovado,,reprovado,,,,aprovado,2025-11-01,reprovado,,aprovado,,,,,,,1
24,Urbanet Brasil,Porta-a-Porta,TESTE_AD609637,2025-07-08,ADDR-94025555,"Avenida Avenida Dom Pedro - Boa Vista, Londrina/PR",43755-301,1704,Referência,Referência Fundos,Fundos,Casa,Casa Portão azul,Portão azul,Apartamento,Apartamento Casa amarela,Casa amarela,PR,Londrina,Londrina - PR,Boa Vista,Dom Pedro,Avenida,true,INV-1913424,500 Mbps,0,548,Viabilidade Total,Fiber 700,129.90,Carla Pereira,2001-10-23,Paulo Oliveira,Lucia Silva,SP-81.866.192-1,15924164061,,,contato24@example.com,"{""status"": ""Em análise""}",2025-03-31,11,pix,2025-09-08,https://example.com/docs/consumer/24,https://example.com/docs/address/24,https://example.com/docs/corporate/24,REVIEW,2025-12-30,SUSPECT,2025-11-03,801,2025-05-06,approved,2023-03-17,true,ORD-386872,aprovado,2025-11-01,,,aprovado,,reprovado,,aprovado,,aprovado,,aprovado,,,,aprovado,2025-11-01,aprovado,,aprovado,,,,123123146,,,0
25,BlueRio Telecom,Orgânico,TESTE_AD669541,2023-08-28,ADDR-34030189,"Avenida Avenida dos Pinheiros - Jardim das Flores, Goiânia/GO",54648-400,3118,Casa,Casa Frente,Frente,Bloco,Bloco 6,6,Andar,Andar 16,16,GO,Goiânia,Goiânia - GO,Jardim das Flores,dos Pinheiros,Avenida,true,INV-2251477,700 Mbps,0,686,Viabilidade Total,Fiber 300,94.90,Lucas Almeida,1970-01-20,Marcos Almeida,Helena Oliveira,SP-57.742.476-2,80280818276,,,contato25@example.com,"{""status"": ""Em análise""}",2025-02-03,27,boleto,2024-01-10,https://example.com/docs/consumer/25,https://example.com/docs/address/25,https://example.com/docs/corporate/25,OK,2023-10-17,SUSPECT,2025-11-12,260,2025-03-06,denied,2025-05-06,false,ORD-818278,aprovado,,,,reprovado,,reprovado,,aprovado,,aprovado,,aprovado,,,,aprovado,,aprovado,,aprovado,,,,123123147,,,0
26,StarWave Fibra,Google Ads,TESTE_AD668739,2025-07-14,ADDR-84325187,"Estrada Estrada Dom Pedro - Pinheiros, Recife/PE",87068-091,1870,Andar,Andar 75,75,Unidade,Unidade 1,1,Referência,Referência Próximo ao mercado,Próximo ao mercado,PE,Recife,Recife - PE,Pinheiros,Dom Pedro,Estrada,true,INV-9499838,300 Mbps,0,770,Sem Viabilidade,Fiber 700,134.90,Lucas Almeida,2001-02-15,Paulo Oliveira,Aparecida Pereira,SP-91.336.267-0,41260689410,,,contato26@example.com,"{""status"": ""Pendência leve""}",2023-07-10,24,cartao_credito,2023-06-04,https://example.com/docs/consumer/26,https://example.com/docs/address/26,https://example.com/docs/corporate/26,REVIEW,2025-04-05,REVIEW,2025-11-21,355,2024-07-23,denied,2025-01-25,false,ORD-642811,aprovado,2025-10-31,,,reprovado,,reprovado,2025-10-31,aprovado,,aprovado,,aprovado,,,,aprovado,2025-10-31,aprovado,,aprovado,,,,123123148,,,0
27,StarWave Fibra,BlackFriday,TESTE_AD772326,2023-06-22,ADDR-08033384,"Travessa Travessa das Acácias - Santa Cecília, Joinville/SC",51490-502,3779,Casa,Casa Ao lado da padaria,Ao lado da padaria,Unidade,Unidade 13,13,Bloco,Bloco 10,10,SC,Joinville,Joinville - SC,Santa Cecília,das Acácias,Travessa,true,INV-9327744,1 Gbps,1,384,Viabilidade Total,Fiber 500,119.90,Lucas Almeida,2001-04-12,Marcos Almeida,Patricia Santos,SP-91.357.663-4,92291606610,,,contato27@example.com,"{""status"": ""Pendência leve""}",2024-08-06,17,boleto,,https://example.com/docs/consumer/27,https://example.com/docs/address/27,https://example.com/docs/corporate/27,SUSPECT,2023-02-24,REVIEW,2024-09-09,790,2024-02-25,manual_review,2025-11-26,false,ORD-043453,aprovado,,,,aprovado,,reprovado,,reprovado,,reprovado,,reprovado,,,,aprovado,,reprovado,,aprovado,,,,123123149,,,0
28,Urbanet Brasil,Google Ads,TESTE_AD938516,2023-01-26,ADDR-02504887,"Avenida Avenida Dom Pedro - Candelária, Rio de Janeiro/RJ",30432-772,1509,Bloco,Bloco 29,29,Apartamento,Apartamento Esquina com a praça,Esquina com a praça,Andar,Andar 8,8,RJ,Rio de Janeiro,Rio de Janeiro - RJ,Candelária,Dom Pedro,Avenida,false,INV-9775719,100 Mbps,1,654,Viabilidade Parcial,Fiber 200,79.90,João Silva,1962-03-01,Paulo Oliveira,Lucia Silva,SP-73.732.949-9,12028484755,,,contato28@example.com,"{""status"": ""Sem restrições""}",2023-04-05,25,boleto,,https://example.com/docs/consumer/28,https://example.com/docs/address/28,https://example.com/docs/corporate/28,OK,2025-08-24,OK,2025-01-15,368,2025-02-23,denied,2023-11-04,false,ORD-445923,aprovado,,,,reprovado,,aprovado,,aprovado,,aprovado,,aprovado,,,,reprovado,,aprovado,,reprovado,,,,,,,1
29,Urbanet Brasil,Google Ads,TESTE_AD855017,2024-03-16,ADDR-10721469,"Avenida Avenida Dom Pedro - Pinheiros, Rio de Janeiro/RJ",05909-168,377,Casa,Casa Frente,Frente,Apartamento,Apartamento Portão azul,Portão azul,Referência,Referência Próximo ao mercado,Próximo ao mercado,RJ,Rio de Janeiro,Rio de Janeiro - RJ,Pinheiros,Dom Pedro,Avenida,false,INV-1909474,500 Mbps,3,276,Viabilidade Parcial,Fiber 1G,159.90,Ana Souza,1964-01-30,José Santos,Helena Oliveira,SP-28.062.245-0,21185687973,54953132870957,Serviços Digitais SA,contato29@example.com,"{""status"": ""Sem restrições""}",2023-10-31,4,cartao_credito,2024-11-02,https://example.com/docs/consumer/29,https://example.com/docs/address/29,https://example.com/docs/corporate/29,REVIEW,2023-07-06,OK,2024-05-23,472,2024-12-29,manual_review,2025-03-22,true,ORD-890928,aprovado,,,,reprovado,,aprovado,,aprovado,,reprovado,,reprovado,,,,aprovado,,reprovado,,aprovado,,,,,,,1
30,StarWave Fibra,Orgânico,TESTE_AD250921,2025-01-04,ADDR-79830597,"Avenida Avenida das Acácias - Castelo, Florianópolis/SC",88939-313,559,Bloco,Bloco 12,12,Andar,Andar 2,2,Apartamento,Apartamento Próximo ao mercado,Próximo ao mercado,SC,Florianópolis,Florianópolis - SC,Castelo,das Acácias,Avenida,true,INV-7464375,700 Mbps,2,328,Viabilidade Parcial,Fiber 500,119.90,Rafael Carvalho,1991-01-23,Roberto Pereira,Aparecida Pereira,SP-21.075.875-1,38661430336,98673026377044,Serviços Digitais SA,contato30@example.com,"{""status"": ""Pendência leve""}",2024-12-21,16,pix,2023-02-27,https://example.com/docs/consumer/30,https://example.com/docs/address/30,https://example.com/docs/corporate/30,SUSPECT,2023-10-19,REVIEW,2024-01-21,584,2025-10-05,approved,2024-09-24,false,ORD-875724,aprovado,,,,aprovado,,aprovado,,aprovado,,aprovado,,aprovado,,,,aprovado,2025-11-01,aprovado,,aprovado,,,,,,,1
31,AuroraNet Telecom,Google Ads,TESTE_AD112167,2023-12-15,ADDR-72220581,"Travessa Travessa dos Pinheiros - Jardim das Flores, Porto Alegre/RS",34266-101,1196,Unidade,Unidade 84,84,Apartamento,Apartamento Portão azul,Portão azul,Andar,Andar 20,20,RS,Porto Alegre,Porto Alegre - RS,Jardim das Flores,dos Pinheiros,Travessa,true,INV-4174826,500 Mbps,1,479,Sem Viabilidade,Fiber 200,84.90,Carla Pereira,1996-06-15,Antônio Souza,Lucia Silva,SP-24.220.760-3,59558845848,40975986617199,Serviços Digitais SA,contato31@example.com,"{""status"": ""Sem restrições""}",2023-11-26,2,pix,,https://example.com/docs/consumer/31,https://example.com/docs/address/31,https://example.com/docs/corporate/31,OK,2023-06-03,REVIEW,2023-07-10,645,2024-11-23,approved,2025-09-15,true,ORD-968299,aprovado,,,,aprovado,,aprovado,,aprovado,,aprovado,,aprovado,,,,aprovado,,aprovado,,aprovado,,,,123123153,,,0
33,Urbanet Brasil,Indicação,TESTE_AD683156,2023-12-21,ADDR-83662109,"Rua Rua Dom Pedro - Centro, Vitória da Conquista/BA",68278-217,3686,Andar,Andar 33,33,Referência,Referência Portão azul,Portão azul,Unidade,Unidade 15,15,BA,Vitória da Conquista,Vitória da Conquista - BA,Centro,Dom Pedro,Rua,true,INV-8866676,300 Mbps,2,528,Viabilidade Total,Fiber 700,129.90,Rafael Carvalho,1971-10-11,Carlos Silva,Adriana Almeida,SP-75.172.579-6,58881012871,63037373228485,Loja do Bairro LTDA,contato33@example.com,"{""status"": ""Sem restrições""}",2024-04-03,16,cartao_credito,,https://example.com/docs/consumer/33,https://example.com/docs/address/33,https://example.com/docs/corporate/33,REVIEW,2024-05-31,OK,2024-09-17,897,2024-07-17,denied,2025-05-17,false,ORD-548193,aprovado,,,,reprovado,,aprovado,,aprovado,,reprovado,,reprovado,,,,aprovado,,reprovado,,aprovado,,,,123123154,,,0
34,BlueRio Telecom,Orgânico,TESTE_AD444405,2024-11-12,ADDR-79875007,"Travessa Travessa Dom Pedro - Vila Nova, Recife/PE",28315-300,3885,Bloco,Bloco 63,63,Unidade,Unidade 3,3,Casa,Casa Próximo ao mercado,Próximo ao mercado,PE,Recife,Recife - PE,Vila Nova,Dom Pedro,Travessa,false,INV-4554619,500 Mbps,2,868,Viabilidade Parcial,Fiber 200,84.90,Pedro Oliveira,1962-04-18,Antônio Souza,Lucia Silva,SP-27.175.136-0,82509660643,54166366261817,Comércio de Alimentos LTDA,contato34@example.com,"{""status"": ""Pendência leve""}",2024-10-03,4,boleto,,https://example.com/docs/consumer/34,https://example.com/docs/address/34,https://example.com/docs/corporate/34,SUSPECT,2023-04-29,OK,2023-01-10,823,2025-07-14,approved,2024-07-14,false,ORD-789341,aprovado,,,,aprovado,,aprovado,,aprovado,,aprovado,,aprovado,,,,aprovado,,aprovado,,aprovado,,,,123123155,,,0
35,RádioSol Internet,Indicação,TESTE_AD208883,2023-07-02,ADDR-64188016,"Alameda Alameda dos Pinheiros - Santa Cecília, Recife/PE",38927-331,1640,Unidade,Unidade 83,83,Apartamento,Apartamento Portão azul,Portão azul,Referência,Referência Casa amarela,Casa amarela,PE,Recife,Recife - PE,Santa Cecília,dos Pinheiros,Alameda,false,INV-2387671,1 Gbps,0,964,Viabilidade Parcial,Fiber 200,79.90,Maria Santos,1986-02-28,Marcos Almeida,Rosana Souza,SP-86.133.068-9,19140237675,59635706236385,Loja do Bairro LTDA,contato35@example.com,"{""status"": ""Sem restrições""}",2025-10-08,1,cartao_credito,,https://example.com/docs/consumer/35,https://example.com/docs/address/35,https://example.com/docs/corporate/35,REVIEW,2023-11-02,SUSPECT,2023-07-04,707,2025-11-13,approved,2023-06-03,false,ORD-042902,aprovado,,,,aprovado,,reprovado,,aprovado,,reprovado,,reprovado,,,,aprovado,,reprovado,,aprovado,,,,,,,0
36,StarWave Fibra,BlackFriday,TESTE_AD796856,2023-06-30,ADDR-43888375,"Rua Rua Rio Branco - Lagoa, Salvador/BA",73406-036,3277,Apartamento,Apartamento 5,5,Andar,Andar 18,18,Casa,Casa Próximo ao mercado,Próximo ao mercado,BA,Salvador,Salvador - BA,Lagoa,Rio Branco,Rua,false,INV-5318487,500 Mbps,0,360,Viabilidade Parcial,Fiber 1G,164.90,Ana Souza,1999-05-29,Antônio Souza,Patricia Santos,SP-47.714.985-7,46914509845,,,contato36@example.com,"{""status"": ""Pendência leve""}",2025-07-04,15,cartao_credito,,https://example.com/docs/consumer/36,https://example.com/docs/address/36,https://example.com/docs/corporate/36,OK,2024-10-09,SUSPECT,2023-09-01,816,2025-10-15,manual_review,2023-02-06,false,ORD-858537,aprovado,,,,aprovado,,reprovado,,reprovado,,aprovado,,aprovado,,,,reprovado,,aprovado,,reprovado,,,,,,,0
37,RádioSol Internet,Google Ads,TESTE_AD850161,2023-09-29,ADDR-71228627,"Avenida Avenida Sete de Setembro - Pinheiros, Curitiba/PR",08187-875,974,Casa,Casa Ao lado da padaria,Ao lado da padaria,Unidade,Unidade 18,18,Andar,Andar 10,10,PR,Curitiba,Curitiba - PR,Pinheiros,Sete de Setembro,Avenida,false,INV-6034769,100 Mbps,0,861,Sem Viabilidade,Fiber 500,119.90,Ana Souza,1976-12-26,Antônio Souza,Patricia Santos,SP-97.675.679-2,16115345152,,,contato37@example.com,"{""status"": ""Sem restrições""}",2025-10-28,17,boleto,,https://example.com/docs/consumer/37,https://example.com/docs/address/37,https://example.com/docs/corporate/37,REVIEW,2024-10-22,OK,2023-08-25,625,2024-12-22,manual_review,2025-09-10,false,ORD-502233,aprovado,,,,aprovado,,reprovado,,aprovado,,reprovado,,reprovado,,,,aprovado,,reprovado,,aprovado,,,,,,,0
38,GaiaLink,Orgânico,TESTE_AD838408,2024-12-09,ADDR-15919500,"Alameda Alameda Sete de Setembro - Centro, Aparecida de Goiânia/GO",67841-579,3176,Apartamento,Apartamento 70,70,Andar,Andar 10,10,Referência,Referência Próximo ao mercado,Próximo ao mercado,GO,Aparecida de Goiânia,Aparecida de Goiânia - GO,Centro,Sete de Setembro,Alameda,false,INV-6971430,100 Mbps,1,913,Sem Viabilidade,Fiber 200,89.90,Gustavo Ribeiro,2001-08-30,Marcos Almeida,Patricia Santos,SP-94.443.310-7,7083526629,,,contato38@example.com,"{""status"": ""Sem restrições""}",2024-05-07,18,cartao_credito,2025-07-01,https://example.com/docs/consumer/38,https://example.com/docs/address/38,https://example.com/docs/corporate/38,OK,2024-05-14,OK,2023-03-23,205,2024-10-19,manual_review,2025-02-20,true,ORD-559379,reprovado,2025-10-31,,,aprovado,,reprovado,2025-10-31,aprovado,,aprovado,,aprovado,,,,aprovado,2025-10-31,aprovado,,aprovado,2025-10-27,ruim,,123123159,,,0
39,Latitude Networks,Orgânico,TESTE_AD431616,2024-06-01,ADDR-93463553,"Estrada Estrada das Acácias - Vila Nova, Londrina/PR",34022-748,551,Referência,Referência Fundos,Fundos,Apartamento,Apartamento Portão azul,Portão azul,Unidade,Unidade 24,24,PR,Londrina,Londrina - PR,Vila Nova,das Acácias,Estrada,false,INV-8433516,300 Mbps,1,651,Viabilidade Parcial,Fiber 300,89.90,Lucas Almeida,1971-12-02,Roberto Pereira,Lucia Silva,SP-78.868.572-0,28561385815,3029967115581,Consultoria Ribeiro EIRELI,contato39@example.com,"{""status"": ""Pendência leve""}",2023-08-23,2,cartao_credito,2024-02-02,https://example.com/docs/consumer/39,https://example.com/docs/address/39,https://example.com/docs/corporate/39,SUSPECT,2024-01-07,OK,2023-04-22,264,2025-08-02,denied,2023-05-30,true,ORD-302934,aprovado,,,,aprovado,,reprovado,,aprovado,,reprovado,,reprovado,,,,aprovado,,reprovado,,aprovado,,,,123123160,,,0
40,TerraFixa,Indicação,TESTE_AD446511,2024-06-23,ADDR-06213712,"Travessa Travessa Paulista - Candelária, São Paulo/SP",87442-180,177,Referência,Referência Ao lado da padaria,Ao lado da padaria,Andar,Andar 13,13,Bloco,Bloco 12,12,SP,São Paulo,São Paulo - SP,Candelária,Paulista,Travessa,true,INV-5160502,200 Mbps,3,713,Viabilidade Total,Fiber 500,119.90,Lucas Almeida,1962-05-02,Carlos Silva,Patricia Santos,SP-49.818.678-1,62734523128,54104607514168,Consultoria Ribeiro EIRELI,contato40@example.com,"{""status"": ""Em análise""}",2025-02-10,14,debito_automatico,2023-12-23,https://example.com/docs/consumer/40,https://example.com/docs/address/40,https://example.com/docs/corporate/40,OK,2025-02-14,REVIEW,2025-01-18,742,2023-06-09,denied,2025-11-24,true,ORD-287357,aprovado,,,,aprovado,,reprovado,,aprovado,,aprovado,,aprovado,,,,aprovado,,aprovado,,aprovado,,,,123123161,,,0
,,,,,,,,,,,,,,,,,,,,,,,,,,,,,,,,,,,,,,,,,,,,,,,,,,,,,,,,,,,,,,,,,,,,,,,,,,,,,,,,,,,,,,0
