Tenant,Campanha,Codigo lead AddSales,Data geração do lead,AddressId,Address Description,ZipCode,Number,Type 1,Description 1,Value 1,Type 2,Description 2,Value 2,Type 3,Description 3,Value 3,StateAbbreviation,City,Location,Neighborhood,StreetName,StreetType,LocationUniqueZipCode,InventoryId,MaxBandwidth,AvailabilityType,AvailabilityCode,AvailabilityDescription,Plano,Preço,Nome,Nome do pai,Nome da mãe,RG,CPF,CNPJ,Razão Social,e-mail,Resultado Infomais,Dia de pagamento,Forma de pagamento,Data Programada da Instalação,Link RG ou CNH,Link Comprovante de Residência,Codigo acesso links,Resultado Liveliness,Resultado Biometria,Resultado Autenticação Usuário,Solicitação de auditoria a HZN (Sim ou Não)
TEN-8411,Orgânico,ADS-998485,2025-06-24 04:49:10,ADDR-2579129,"Avenida XV de Novembro, 8397 - Vila Nova, Fortaleza/CE, CEP 92559-728",92559-728,8397,Canal,WhatsApp,y9a18K9b,Origem,Orgânico,l9LJcj,Tracking,utm_campaign,qVusefKpLx,CE,Fortaleza,"-25.068137,-69.746146",Vila Nova,XV de Novembro,Avenida,True,INV-9825,300,HFC,SEM-COB,Aguardando Expansão,Fibra 500,129.9,Tiago Almeida,Queila Cardoso,Bruno Barbosa,33.907.579-3,834.701.746-87,,,tiago.almeida90@gmail.com,Médio risco de crédito,11,Cartão de Crédito,2025-06-25,https://files.example.com/doc-rg-cnh/tiago-almeida-Vy0x70.pdf,https://files.example.com/comp-resid/tiago-almeida-n4D8ye.pdf,NWqfu7UhpgdXlIBl,Inconclusivo,Sem Risco Aparente,Pendente,Não
TEN-8425,Ads Google,ADS-715798,2025-06-20 09:17:18,ADDR-4184326,"Avenida Copacabana, 3005 - Boa Vista, Belo Horizonte/MG, CEP 50738-333",50738-333,3005,Canal,Telefone,X4vQ32zX,Origem,Ads Google,1JMxKL,Tracking,utm_source,fhpzu5RCCH,MG,Belo Horizonte,"-30.830486,-55.130682",Boa Vista,Copacabana,Avenida,True,INV-4220,1000,FTTC,OK,Aguardando Expansão,Fibra 300,99.9,Diego Dias,Bruno Queiroz,Isabela Henrique,64.697.482-1,237.899.143-63,,,diego.dias95@outlook.com,Baixo risco de crédito,3,Boleto,2025-06-28,https://files.example.com/doc-rg-cnh/diego-dias-kwJiw3.pdf,,OQKicb4R7bNDTt9e,Inconclusivo,Com risco,Reprovado,Não
TEN-9498,Orgânico,ADS-131236,2025-08-03 10:15:39,ADDR-5292118,"Rua Chile, 375 - Savassi, Curitiba/PR, CEP 24796-609",24796-609,375,Canal,Site,WH6F9j0R,Origem,Orgânico,nz3yBm,Tracking,utm_source,xJ2X6COmSY,PR,Curitiba,"-16.071631,-62.961459",Savassi,Chile,Rua,True,INV-3346,500,HFC,PEND,Backhaul Sem Porta,Fibra 1000,199.9,Paulo Henrique,Karina Machado,Vitor Igarashi,36.336.395-3,227.501.421-72,,,paulo.henrique27@yahoo.com,Médio risco de crédito,13,Débito Automático,2025-08-26,https://files.example.com/doc-rg-cnh/paulo-henrique-8Ceb2c.pdf,https://files.example.com/comp-resid/paulo-henrique-JtXbiC.pdf,bZoicNBNOY7QmDla,Reprovado,Inconclusivo,Reprovado,Não
TEN-3023,Ads Google,ADS-354061,2025-07-13 15:34:01,ADDR-2388693,"Travessa Bahia, 5259 - Boa Viagem, Salvador/BA, CEP 12051-456",12051-456,5259,Canal,Telefone,R8cjarSp,Origem,Ads Google,EEK0MS,Tracking,utm_term,GBxzGjmNNG,BA,Salvador,"-33.257303,-63.738377",Boa Viagem,Bahia,Travessa,True,INV-7904,700,FTTC,OK,Necessita Viabilidade,Fibra 300,99.9,Nicolas Zanin,Bruno Ferreira,Rafael Klein,27.288.779-1,378.848.288-55,,,nicolas.zanin32@icloud.com,Médio risco de crédito,22,Débito Automático,2025-08-02,https://files.example.com/doc-rg-cnh/nicolas-zanin-08GJmH.pdf,https://files.example.com/comp-resid/nicolas-zanin-Lb8FyX.pdf,IEQeHz75qDhAY3Dt,Aprovado,Com risco,Reprovado,Não
TEN-9895,Orgânico,ADS-715141,2025-09-16 20:50:23,ADDR-4263872,"Travessa XV de Novembro, 5185 - Boa Vista, Goiânia/GO, CEP 51286-299",51286-299,5185,Canal,Telefone,Yz32RVVz,Origem,Orgânico,SevDaw,Tracking,utm_term,3dq7snzleF,GO,Goiânia,"-16.249166,-69.982033",Boa Vista,XV de Novembro,Travessa,True,INV-4921,500,HFC,OK,Backhaul Sem Porta,Fibra 1000,199.9,Diego Nascimento,Nicolas Ramos,Zélia Wagner,23.601.395-5,185.831.710-09,80.728.627/8885-28,Serviços Beta Ltda.,diego.nascimento26@gmail.com,Baixo risco de crédito,27,Cartão de Crédito,2025-10-08,https://files.example.com/doc-rg-cnh/diego-nascimento-d6CVuC.pdf,https://files.example.com/comp-resid/diego-nascimento-ALaR0l.pdf,CTzmkFa3XR1NzLF8,Reprovado,Com risco,Reprovado,Não
TEN-9152,Recomendação,ADS-323576,2025-04-24 16:43:25,ADDR-5305595,"Alameda Paraná, 383 - Boa Vista, Rio de Janeiro/RJ, CEP 90661-210",90661-210,383,Canal,Loja,h1wjwizL,Origem,Recomendação,NQwUYi,Tracking,utm_campaign,Toh3WMwqQJ,RJ,Rio de Janeiro,"-25.12707,-58.857161",Boa Vista,Paraná,Alameda,True,INV-4202,1000,FTTH,OK,Backhaul Sem Porta,Fibra 700,149.9,Isabela Klein,Rafael Ramos,Queila Nascimento,89.171.890-6,267.278.990-88,,,isabela.klein53@uol.com.br,Médio risco de crédito,17,Débito Automático,2025-05-06,https://files.example.com/doc-rg-cnh/isabela-klein-Dq5PUb.pdf,https://files.example.com/comp-resid/isabela-klein-KNzQdt.pdf,yKStXnSpUcgY4i7p,Inconclusivo,Sem Risco Aparente,Aprovado,Não
TEN-4113,Recomendação,ADS-392175,2025-08-20 19:16:47,ADDR-5545609,"Avenida Bahia, 3220 - Centro, São Paulo/SP, CEP 92366-162",92366-162,3220,Canal,Telefone,fZbPKXTw,Origem,Recomendação,yjKkfC,Tracking,utm_campaign,Yndjsb0AKs,SP,São Paulo,"-28.809622,-73.192885",Centro,Bahia,Avenida,True,INV-1623,300,FTTH,N/PORTA,Cobertura Direta,Fibra 300,99.9,Vitor Ferreira,Rafael Henrique,Ursula Lima,77.535.572-1,179.376.462-09,,,vitor.ferreira76@proton.me,Médio risco de crédito,10,Cartão de Crédito,2025-09-01,https://files.example.com/doc-rg-cnh/vitor-ferreira-CuHAJY.pdf,https://files.example.com/comp-resid/vitor-ferreira-Zat4LR.pdf,EVu2nOu4tBK3QrG9,Reprovado,Com risco,Reprovado,Não
TEN-9936,Black Friday,ADS-450770,2025-09-30 22:19:55,ADDR-2634929,"Rua Ipanema, 1397 - Vila Nova, São Paulo/SP, CEP 93116-769",93116-769,1397,Canal,Loja,4vH7Dnd6,Origem,Black Friday,XxGFr9,Tracking,utm_term,5324BpA2zV,SP,São Paulo,"-19.084169,-54.529898",Vila Nova,Ipanema,Rua,True,INV-5021,500,FTTC,N/PORTA,Aguardando Expansão,Fibra 1000,199.9,Lucas Klein,Zélia Klein,Vitor Esteves,77.819.065-0,617.808.501-07,,,lucas.klein18@uol.com.br,Baixo risco de crédito,24,Cartão de Crédito,2025-10-13,https://files.example.com/doc-rg-cnh/lucas-klein-tyGq2D.pdf,https://files.example.com/comp-resid/lucas-klein-sj54Ub.pdf,DXtmwKLDFB3y46M6,Inconclusivo,Com risco,Pendente,Não
TEN-3371,Facebook Leads,ADS-949355,2025-06-10 17:08:33,ADDR-1022906,"Travessa Bahia, 8768 - Vila Nova, São Paulo/SP, CEP 29746-685",29746-685,8768,Canal,WhatsApp,u6ISuZfi,Origem,Facebook Leads,fQRlyZ,Tracking,utm_term,Rgc9AVvZ5i,SP,São Paulo,"-29.913951,-46.513187",Vila Nova,Bahia,Travessa,False,INV-3441,500,FTTH,N/PORTA,Backhaul Sem Porta,Fibra 300,99.9,Paulo Wagner,Olivia Cardoso,Xavier Silva,88.403.631-7,308.687.245-48,,,paulo.wagner71@gmail.com,Médio risco de crédito,15,PIX,2025-07-02,https://files.example.com/doc-rg-cnh/paulo-wagner-PPUWhB.pdf,,SDshV10S3jM6U7UI,Aprovado,Com risco,Reprovado,Não
TEN-4366,Ads Google,ADS-960994,2025-04-28 02:25:14,ADDR-6330167,"Alameda Ipanema, 6762 - Copacabana, Goiânia/GO, CEP 12021-844",12021-844,6762,Canal,Site,ZlHebl96,Origem,Ads Google,OtPTxK,Tracking,utm_source,jzcGhzuip5,GO,Goiânia,"-14.360978,-50.30987",Copacabana,Ipanema,Alameda,True,INV-9681,300,FTTC,N/PORTA,Necessita Viabilidade,Fibra 700,149.9,João Uchoa,Olivia Dias,Rafael Machado,38.541.924-8,483.598.829-91,,,joão.uchoa91@icloud.com,Alto risco de crédito,27,Cartão de Crédito,2025-04-29,https://files.example.com/doc-rg-cnh/joão-uchoa-mfpJRu.pdf,,wCh8i4HIIq49YLhZ,Reprovado,Inconclusivo,Pendente,Não
TEN-1876,Recomendação,ADS-922059,2025-10-11 17:38:20,ADDR-7827654,"Alameda Chile, 9841 - Copacabana, Rio de Janeiro/RJ, CEP 71592-453",71592-453,9841,Canal,WhatsApp,CtuiWW2m,Origem,Recomendação,1Qdt13,Tracking,utm_source,k29mNl2dgS,RJ,Rio de Janeiro,"-18.965684,-59.426322",Copacabana,Chile,Alameda,True,INV-8594,1000,FTTC,OK,Cobertura Direta,Fibra 700,149.9,Queila Queiroz,Nicolas Nascimento,Ana Klein,04.966.954-9,131.738.607-80,,,queila.queiroz30@icloud.com,Alto risco de crédito,10,Débito Automático,2025-10-14,,https://files.example.com/comp-resid/queila-queiroz-2wHIkO.pdf,AheGi2JCsTbkBBGi,Inconclusivo,Inconclusivo,Reprovado,Sim
TEN-6127,Facebook Leads,ADS-540778,2025-09-17 00:33:48,ADDR-3024299,"Alameda Copacabana, 1304 - Santa Cecília, Belo Horizonte/MG, CEP 39260-982",39260-982,1304,Canal,Telefone,0Lqm8dB2,Origem,Facebook Leads,uLLXFS,Tracking,utm_source,e4JHXojtct,MG,Belo Horizonte,"-19.789282,-68.106045",Santa Cecília,Copacabana,Alameda,True,INV-3965,500,HFC,N/PORTA,Backhaul Sem Porta,Fibra 700,149.9,Zélia Vasconcelos,Queila Dias,Sofia Queiroz,34.234.217-1,781.800.994-90,,,zélia.vasconcelos72@uol.com.br,Baixo risco de crédito,6,Boleto,2025-09-24,https://files.example.com/doc-rg-cnh/zélia-vasconcelos-rHl39c.pdf,https://files.example.com/comp-resid/zélia-vasconcelos-Ux5ElI.pdf,NwOWGF0QG6kWkLoB,Reprovado,Inconclusivo,Reprovado,Não
TEN-9609,Facebook Leads,ADS-902470,2025-05-24 06:30:47,ADDR-9336108,"Rua Bahia, 2821 - Vila Nova, Recife/PE, CEP 43401-354",43401-354,2821,Canal,Telefone,1mxeQwrb,Origem,Facebook Leads,lqy5Sq,Tracking,utm_campaign,dTWio0h90B,PE,Recife,"-20.186661,-49.072239",Vila Nova,Bahia,Rua,True,INV-8447,300,FTTC,SEM-COB,Aguardando Expansão,Fibra 700,149.9,Wesley Gomes,Wesley Barbosa,Eduarda Pereira,92.278.003-6,821.684.761-01,,,wesley.gomes91@proton.me,Alto risco de crédito,20,Cartão de Crédito,2025-05-28,https://files.example.com/doc-rg-cnh/wesley-gomes-oC5wu8.pdf,https://files.example.com/comp-resid/wesley-gomes-cyOdvR.pdf,1K2Cy0xWnvlIkmnC,Reprovado,Com risco,Pendente,Não
TEN-7248,Facebook Leads,ADS-368723,2025-06-10 14:22:04,ADDR-3531164,"Travessa Copacabana, 9970 - Boa Vista, Curitiba/PR, CEP 74019-141",74019-141,9970,Canal,Loja,XDp0t43h,Origem,Facebook Leads,44qx0s,Tracking,utm_term,upbv3JqPlD,PR,Curitiba,"-23.722037,-70.170814",Boa Vista,Copacabana,Travessa,True,INV-4416,700,FTTC,SEM-COB,Aguardando Expansão,Fibra 500,129.9,Queila Wagner,Rafael Igarashi,Karina Ximenes,76.234.876-2,685.314.559-36,,,queila.wagner3@gmail.com,Alto risco de crédito,21,Débito Automático,2025-07-05,,https://files.example.com/comp-resid/queila-wagner-P4nQP7.pdf,1oNfAydxuErjyDkP,Aprovado,Inconclusivo,Reprovado,Não
TEN-6594,Facebook Leads,ADS-132535,2025-05-26 20:15:11,ADDR-5633418,"Rua Paulista, 8904 - Jardim América, Recife/PE, CEP 90322-525",90322-525,8904,Canal,Loja,pNwQl1mI,Origem,Facebook Leads,i8NhTq,Tracking,utm_source,hxPolaK68i,PE,Recife,"-32.633191,-60.081017",Jardim América,Paulista,Rua,True,INV-8365,1000,FTTC,OK,Necessita Viabilidade,Fibra 700,149.9,João Pereira,Lucas Pereira,Ana Esteves,93.434.338-0,860.387.819-60,,,joão.pereira42@proton.me,Médio risco de crédito,12,PIX,2025-06-06,https://files.example.com/doc-rg-cnh/joão-pereira-myjlju.pdf,https://files.example.com/comp-resid/joão-pereira-XszwPE.pdf,OwR4T29Y2t0FQcMz,Reprovado,Sem Risco Aparente,Pendente,Não
TEN-5441,Parceria Loja,ADS-364218,2025-05-13 02:48:46,ADDR-4251445,"Alameda XV de Novembro, 807 - Centro, Belo Horizonte/MG, CEP 25517-991",25517-991,807,Canal,WhatsApp,kbkhewUt,Origem,Parceria Loja,Fan7aG,Tracking,utm_source,XTyXZV9g6y,MG,Belo Horizonte,"-28.279178,-52.062877",Centro,XV de Novembro,Alameda,True,INV-2968,1000,FTTC,OK,Aguardando Expansão,Fibra 500,129.9,Lucas Cardoso,João Oliveira,Zélia Uchoa,43.696.296-3,842.721.847-84,,,lucas.cardoso41@outlook.com,Baixo risco de crédito,9,Cartão de Crédito,2025-05-26,https://files.example.com/doc-rg-cnh/lucas-cardoso-oDwqdd.pdf,,telD9m1EzYydIOMr,Reprovado,Sem Risco Aparente,Pendente,Não
TEN-7693,Facebook Leads,ADS-754009,2025-10-14 12:42:51,ADDR-7118341,"Avenida Minas Gerais, 5312 - Santa Cecília, Recife/PE, CEP 58407-618",58407-618,5312,Canal,Loja,BCZFxHc5,Origem,Facebook Leads,GCrcdu,Tracking,utm_term,D9TtT9y1h9,PE,Recife,"-21.461863,-60.506142",Santa Cecília,Minas Gerais,Avenida,True,INV-6114,700,FTTH,N/PORTA,Cobertura Direta,Fibra 700,149.9,Karina Gomes,Xavier Ferreira,Gabriela Barbosa,28.432.512-2,552.600.680-84,,,karina.gomes68@yahoo.com,Baixo risco de crédito,1,Cartão de Crédito,2025-11-08,https://files.example.com/doc-rg-cnh/karina-gomes-JtD6EW.pdf,,Yey52WGaTP4dMvBS,Reprovado,Inconclusivo,Reprovado,Não
TEN-9045,Black Friday,ADS-345492,2025-09-04 12:00:23,ADDR-4102280,"Avenida das Palmeiras, 1717 - Jardim América, Florianópolis/SC, CEP 43000-367",43000-367,1717,Canal,WhatsApp,9QTwtzjN,Origem,Black Friday,AYzCF6,Tracking,utm_campaign,FzEhh27eOn,SC,Florianópolis,"-16.598051,-52.650867",Jardim América,das Palmeiras,Avenida,True,INV-5107,700,FTTC,PEND,Cobertura Direta,Fibra 1000,199.9,Gabriela Pereira,Isabela Uchoa,Hugo Cardoso,18.773.170-8,125.215.053-90,,,gabriela.pereira53@gmail.com,Baixo risco de crédito,20,Débito Automático,,https://files.example.com/doc-rg-cnh/gabriela-pereira-CEfOGt.pdf,,8I9xYR06OmmVkJcr,Reprovado,Com risco,Pendente,Não
TEN-8822,Parceria Loja,ADS-308379,2025-07-08 10:15:36,ADDR-8397052,"Avenida Chile, 1061 - Santa Cecília, Porto Alegre/RS, CEP 64932-441",64932-441,1061,Canal,Telefone,a163bvHH,Origem,Parceria Loja,gWsFhJ,Tracking,utm_source,PFtvpKC9Kk,RS,Porto Alegre,"-20.830023,-65.970614",Santa Cecília,Chile,Avenida,True,INV-1207,500,FTTH,SEM-COB,Backhaul Sem Porta,Fibra 500,129.9,Sofia Igarashi,Mariana Nascimento,Isabela Klein,19.181.731-5,050.950.271-78,,,sofia.igarashi64@uol.com.br,Médio risco de crédito,16,PIX,2025-07-09,,https://files.example.com/comp-resid/sofia-igarashi-ZOR9eC.pdf,yOn9mwiyTfkOMUpY,Inconclusivo,Com risco,Reprovado,Não
TEN-2712,Parceria Loja,ADS-244339,2025-09-25 06:42:37,ADDR-7935340,"Avenida XV de Novembro, 9256 - Jardim América, Florianópolis/SC, CEP 32758-516",32758-516,9256,Canal,WhatsApp,GUdfpqXA,Origem,Parceria Loja,1yrQf9,Tracking,utm_campaign,utYWNdVcMI,SC,Florianópolis,"-17.554523,-67.133489",Jardim América,XV de Novembro,Avenida,True,INV-2794,1000,FTTH,N/PORTA,Cobertura Direta,Fibra 1000,199.9,Diego Pereira,João Ramos,Ursula Yamamoto,06.641.348-1,657.382.981-60,,,diego.pereira34@yahoo.com,Alto risco de crédito,20,Boleto,,https://files.example.com/doc-rg-cnh/diego-pereira-XxOuht.pdf,https://files.example.com/comp-resid/diego-pereira-kxuYPS.pdf,cw6GGTxKgQwp7R0n,Inconclusivo,Sem Risco Aparente,Pendente,Não
TEN-6571,Recomendação,ADS-852550,2025-10-16 10:49:58,ADDR-2257549,"Avenida Paraná, 8969 - Pinheiros, São Paulo/SP, CEP 72805-528",72805-528,8969,Canal,WhatsApp,QFj9vjEE,Origem,Recomendação,B8wspj,Tracking,utm_source,1Tvklk9wug,SP,São Paulo,"-30.550374,-71.496152",Pinheiros,Paraná,Avenida,True,INV-3294,1000,FTTC,SEM-COB,Cobertura Direta,Fibra 1000,199.9,Karina Ximenes,Xavier Cardoso,Diego Lima,81.164.813-1,658.212.476-59,65.486.305/9100-73,Soluções Delta Ltda.,karina.ximenes99@icloud.com,Médio risco de crédito,4,Cartão de Crédito,2025-10-27,https://files.example.com/doc-rg-cnh/karina-ximenes-vkvKGy.pdf,https://files.example.com/comp-resid/karina-ximenes-0wKD8u.pdf,RoqTJpdZxSAMI84C,Reprovado,Sem Risco Aparente,Reprovado,Não
TEN-5765,Orgânico,ADS-999272,2025-08-14 16:23:21,ADDR-5806233,"Avenida Ipanema, 343 - Santa Cecília, Belo Horizonte/MG, CEP 80413-359",80413-359,343,Canal,Telefone,2gilQb63,Origem,Orgânico,f3pnqj,Tracking,utm_term,6515bEKQLM,MG,Belo Horizonte,"-28.942653,-70.053328",Santa Cecília,Ipanema,Avenida,True,INV-8944,300,FTTC,OK,Backhaul Sem Porta,Fibra 700,149.9,Queila Esteves,Mariana Ferreira,Rafael Esteves,91.828.944-0,658.377.553-06,,,queila.esteves34@icloud.com,Alto risco de crédito,24,Boleto,2025-08-17,,https://files.example.com/comp-resid/queila-esteves-6Oe3gJ.pdf,h9t2dPebJ8Q1WGeG,Aprovado,Sem Risco Aparente,Pendente,Não
TEN-3777,Black Friday,ADS-906605,2025-06-10 18:05:23,ADDR-1536227,"Rua das Palmeiras, 1840 - Copacabana, Salvador/BA, CEP 49425-124",49425-124,1840,Canal,WhatsApp,dc7AjejE,Origem,Black Friday,otiiXt,Tracking,utm_source,liQ2T6Cxhq,BA,Salvador,"-31.017654,-68.408458",Copacabana,das Palmeiras,Rua,True,INV-9515,300,FTTH,N/PORTA,Cobertura Direta,Fibra 500,129.9,Mariana Henrique,Nicolas Lima,Karina Henrique,56.034.095-8,585.736.232-68,,,mariana.henrique61@uol.com.br,Baixo risco de crédito,26,Boleto,,https://files.example.com/doc-rg-cnh/mariana-henrique-LKJJbt.pdf,https://files.example.com/comp-resid/mariana-henrique-FTmcpf.pdf,QFBcIiPeeZ9zPo9m,Reprovado,Inconclusivo,Reprovado,Não
TEN-2173,Ads Google,ADS-860695,2025-07-24 14:09:43,ADDR-9839996,"Rua Amazonas, 5273 - Santa Cecília, Belo Horizonte/MG, CEP 86344-225",86344-225,5273,Canal,Site,V5tIzRvN,Origem,Ads Google,NaDgUX,Tracking,utm_term,xaEqJNCfED,MG,Belo Horizonte,"-23.560513,-49.517256",Santa Cecília,Amazonas,Rua,True,INV-8249,700,FTTH,OK,Necessita Viabilidade,Fibra 300,99.9,Carla Jardim,Yara Vasconcelos,Queila Ferreira,25.914.797-5,977.032.707-76,,,carla.jardim69@uol.com.br,Baixo risco de crédito,10,Cartão de Crédito,,https://files.example.com/doc-rg-cnh/carla-jardim-Z7bA7L.pdf,https://files.example.com/comp-resid/carla-jardim-bvk8u0.pdf,IQpUkiJLAKp6EQM3,Inconclusivo,Sem Risco Aparente,Pendente,Não
TEN-3343,Black Friday,ADS-393729,2025-06-06 04:29:18,ADDR-1699855,"Rua das Palmeiras, 4601 - Copacabana, São Paulo/SP, CEP 40733-697",40733-697,4601,Canal,Site,CQbqVgud,Origem,Black Friday,bHKsCd,Tracking,utm_source,rGEc1HDUpm,SP,São Paulo,"-28.907049,-46.915134",Copacabana,das Palmeiras,Rua,True,INV-9256,300,FTTC,N/PORTA,Cobertura Direta,Fibra 300,99.9,Paulo Pereira,Eduarda Jardim,Karina Vasconcelos,88.533.742-3,442.174.300-35,,,paulo.pereira43@proton.me,Médio risco de crédito,26,Débito Automático,2025-06-27,https://files.example.com/doc-rg-cnh/paulo-pereira-8jqryp.pdf,https://files.example.com/comp-resid/paulo-pereira-WqROUP.pdf,BzyUaqE5nSc2E8oM,Aprovado,Inconclusivo,Aprovado,Não
TEN-6967,Ads Google,ADS-555138,2025-07-30 02:52:15,ADDR-7952525,"Rua Ipanema, 864 - Boa Viagem, Porto Alegre/RS, CEP 48745-639",48745-639,864,Canal,Loja,yxUTMmpT,Origem,Ads Google,925Nub,Tracking,utm_term,Fzy2pXRBwB,RS,Porto Alegre,"-29.69069,-46.396441",Boa Viagem,Ipanema,Rua,True,INV-8764,300,FTTH,SEM-COB,Aguardando Expansão,Fibra 1000,199.9,Vitor Nascimento,Yara Uchoa,Rafael Zanin,84.986.081-3,209.228.495-95,,,vitor.nascimento5@proton.me,Alto risco de crédito,2,Débito Automático,,,,mp4IaCM19EWpYo1z,Aprovado,Inconclusivo,Reprovado,Não
TEN-8422,Parceria Loja,ADS-430870,2025-08-28 11:04:55,ADDR-8627986,"Rua Copacabana, 4986 - Savassi, Goiânia/GO, CEP 21671-566",21671-566,4986,Canal,Loja,J7vVesQQ,Origem,Parceria Loja,ZxqwHb,Tracking,utm_campaign,yzWMZLmb4N,GO,Goiânia,"-20.814313,-53.664168",Savassi,Copacabana,Rua,True,INV-9266,1000,HFC,OK,Necessita Viabilidade,Fibra 700,149.9,Hugo Ximenes,Tiago Teixeira,Ursula Vasconcelos,76.343.918-9,596.065.641-85,,,hugo.ximenes50@outlook.com,Médio risco de crédito,7,Débito Automático,,https://files.example.com/doc-rg-cnh/hugo-ximenes-YZyKSV.pdf,https://files.example.com/comp-resid/hugo-ximenes-JpRIH9.pdf,iWuT6rJGEkM3PrXA,Aprovado,Sem Risco Aparente,Aprovado,Não
TEN-1437,Recomendação,ADS-300592,2025-08-14 13:07:48,ADDR-6547347,"Alameda Paulista, 9552 - Santa Cecília, São Paulo/SP, CEP 97235-938",97235-938,9552,Canal,Loja,Kqh0DFt2,Origem,Recomendação,UMOQFz,Tracking,utm_campaign,wqBJ9X0rsy,SP,São Paulo,"-29.773955,-52.896663",Santa Cecília,Paulista,Alameda,True,INV-6269,700,FTTH,SEM-COB,Backhaul Sem Porta,Fibra 300,99.9,Olivia Zanin,Zélia Silva,João Teixeira,85.383.995-2,576.229.275-46,,,olivia.zanin27@yahoo.com,Médio risco de crédito,28,Cartão de Crédito,2025-08-16,https://files.example.com/doc-rg-cnh/olivia-zanin-ScRd0H.pdf,https://files.example.com/comp-resid/olivia-zanin-fcv9L1.pdf,dgbRkqPRtCrIwwps,Reprovado,Sem Risco Aparente,Reprovado,Não
TEN-1642,Orgânico,ADS-578386,2025-08-09 07:22:05,ADDR-2518486,"Avenida Ipanema, 9134 - Savassi, Fortaleza/CE, CEP 58668-862",58668-862,9134,Canal,WhatsApp,T2N9X3Ut,Origem,Orgânico,haQ1s2,Tracking,utm_term,pSlE8or4Pe,CE,Fortaleza,"-26.051934,-57.413909",Savassi,Ipanema,Avenida,True,INV-4189,300,FTTH,PEND,Backhaul Sem Porta,Fibra 1000,199.9,Queila Ramos,João Barbosa,João Queiroz,51.810.261-7,869.890.921-30,,,queila.ramos86@outlook.com,Médio risco de crédito,7,Débito Automático,2025-08-20,,,MaS5Lptk3G8llXnk,Reprovado,Sem Risco Aparente,Reprovado,Não
TEN-4055,Recomendação,ADS-348702,2025-07-15 22:55:27,ADDR-9254664,"Rua Copacabana, 5251 - Copacabana, Fortaleza/CE, CEP 10927-160",10927-160,5251,Canal,WhatsApp,AW0rrPjX,Origem,Recomendação,25gOqs,Tracking,utm_source,UWR5ly0Vg8,CE,Fortaleza,"-22.236828,-70.33934",Copacabana,Copacabana,Rua,True,INV-5151,300,FTTH,OK,Backhaul Sem Porta,Fibra 700,149.9,Rafael Klein,Mariana Esteves,Sofia Uchoa,92.380.793-7,370.180.236-02,,,rafael.klein79@uol.com.br,Médio risco de crédito,24,Cartão de Crédito,2025-08-08,https://files.example.com/doc-rg-cnh/rafael-klein-verM3o.pdf,https://files.example.com/comp-resid/rafael-klein-iSiv9X.pdf,KolBBeGeZXzxUfat,Inconclusivo,Sem Risco Aparente,Aprovado,Não
TEN-7801,Recomendação,ADS-479692,2025-05-23 10:24:46,ADDR-7772907,"Travessa Minas Gerais, 7928 - Santa Cecília, Salvador/BA, CEP 84961-247",84961-247,7928,Canal,Site,6dODgK0j,Origem,Recomendação,vfR14x,Tracking,utm_term,T2IK1P8rWN,BA,Salvador,"-24.066248,-71.303674",Santa Cecília,Minas Gerais,Travessa,True,INV-2018,1000,HFC,N/PORTA,Necessita Viabilidade,Fibra 700,149.9,Tiago Machado,Gabriela Igarashi,Olivia Vasconcelos,04.258.938-4,368.950.100-84,,,tiago.machado35@proton.me,Médio risco de crédito,17,PIX,,https://files.example.com/doc-rg-cnh/tiago-machado-oDS15A.pdf,https://files.example.com/comp-resid/tiago-machado-ytTCQj.pdf,W7mMkczlTJP8dgcC,Reprovado,Inconclusivo,Pendente,Não
TEN-8674,Ads Google,ADS-111286,2025-07-01 05:42:54,ADDR-1985963,"Travessa Chile, 9865 - Santa Cecília, Florianópolis/SC, CEP 30554-622",30554-622,9865,Canal,Loja,MtS4XcFi,Origem,Ads Google,H61pIt,Tracking,utm_source,KqpP16ndFo,SC,Florianópolis,"-23.221083,-63.216968",Santa Cecília,Chile,Travessa,True,INV-6986,300,HFC,N/PORTA,Cobertura Direta,Fibra 1000,199.9,Tiago Queiroz,Nicolas Zanin,Isabela Machado,76.751.106-8,127.296.193-13,,,tiago.queiroz83@uol.com.br,Médio risco de crédito,10,Boleto,2025-07-08,https://files.example.com/doc-rg-cnh/tiago-queiroz-akikh2.pdf,https://files.example.com/comp-resid/tiago-queiroz-Jjul8r.pdf,dRAeI8uy5VZ4lEtz,Inconclusivo,Sem Risco Aparente,Pendente,Não
TEN-4988,Parceria Loja,ADS-620404,2025-05-10 06:03:28,ADDR-3158131,"Travessa Minas Gerais, 6054 - Boa Vista, Rio de Janeiro/RJ, CEP 33072-330",33072-330,6054,Canal,WhatsApp,FlMstsse,Origem,Parceria Loja,CcithG,Tracking,utm_campaign,XU3LYVBYU1,RJ,Rio de Janeiro,"-32.202807,-58.833298",Boa Vista,Minas Gerais,Travessa,True,INV-9501,1000,FTTC,PEND,Backhaul Sem Porta,Fibra 1000,199.9,Zélia Lima,Diego Uchoa,Isabela Lima,75.842.460-4,659.124.961-39,,,zélia.lima67@proton.me,Alto risco de crédito,3,Boleto,2025-05-26,https://files.example.com/doc-rg-cnh/zélia-lima-2vDmsA.pdf,https://files.example.com/comp-resid/zélia-lima-TbNXul.pdf,heXLaCLtcAv8w51J,Aprovado,Com risco,Reprovado,Não
TEN-6071,Black Friday,ADS-560327,2025-09-16 05:18:41,ADDR-2737273,"Avenida Paraná, 9416 - Pinheiros, Salvador/BA, CEP 92368-897",92368-897,9416,Canal,WhatsApp,3PnvfnhW,Origem,Black Friday,dQMulv,Tracking,utm_campaign,VoSXfltVTs,BA,Salvador,"-17.087919,-49.895269",Pinheiros,Paraná,Avenida,True,INV-1018,1000,HFC,SEM-COB,Cobertura Direta,Fibra 500,129.9,Carla Lima,Isabela Uchoa,Yara Vasconcelos,92.658.367-0,407.182.939-75,,,carla.lima62@icloud.com,Baixo risco de crédito,7,Débito Automático,2025-10-02,https://files.example.com/doc-rg-cnh/carla-lima-8lUY6m.pdf,https://files.example.com/comp-resid/carla-lima-ko34Dh.pdf,voOSWBCDwCQSuJic,Reprovado,Inconclusivo,Pendente,Não
TEN-8404,Parceria Loja,ADS-472341,2025-09-29 05:32:35,ADDR-2599105,"Rua Amazonas, 1059 - Boa Viagem, Salvador/BA, CEP 88773-451",88773-451,1059,Canal,WhatsApp,ZZHI3Lia,Origem,Parceria Loja,K3q3Vg,Tracking,utm_term,t2anT2WrfR,BA,Salvador,"-30.577216,-44.256117",Boa Viagem,Amazonas,Rua,True,INV-4285,500,FTTH,SEM-COB,Backhaul Sem Porta,Fibra 1000,199.9,Carla Silva,Vitor Klein,Gabriela Cardoso,68.004.446-6,196.163.695-63,,,carla.silva8@uol.com.br,Baixo risco de crédito,10,Débito Automático,2025-10-09,https://files.example.com/doc-rg-cnh/carla-silva-JsbPuE.pdf,https://files.example.com/comp-resid/carla-silva-qdsshb.pdf,Db2wBGbgWIEvUFXZ,Inconclusivo,Sem Risco Aparente,Pendente,Não
TEN-1992,Orgânico,ADS-834677,2025-06-07 15:10:23,ADDR-7400866,"Rua Chile, 7866 - Jardim América, Curitiba/PR, CEP 54325-274",54325-274,7866,Canal,Loja,cKQ0mtAd,Origem,Orgânico,9VxSz6,Tracking,utm_source,BQHgayponz,PR,Curitiba,"-15.307541,-70.277277",Jardim América,Chile,Rua,False,INV-8301,500,FTTC,OK,Necessita Viabilidade,Fibra 700,149.9,Mariana Nascimento,Queila Pereira,Queila Nascimento,29.408.333-7,795.440.213-45,,,mariana.nascimento84@gmail.com,Baixo risco de crédito,4,Cartão de Crédito,,https://files.example.com/doc-rg-cnh/mariana-nascimento-2HBr4J.pdf,https://files.example.com/comp-resid/mariana-nascimento-v4V7LR.pdf,Tip6kUhcRzOuQ25U,Aprovado,Sem Risco Aparente,Pendente,Sim
TEN-3194,Recomendação,ADS-944128,2025-10-16 10:32:20,ADDR-6852346,"Avenida Amazonas, 2878 - Jardim América, Porto Alegre/RS, CEP 20905-447",20905-447,2878,Canal,Telefone,ZgBCxt7d,Origem,Recomendação,BYTbfk,Tracking,utm_campaign,LtP4935pZf,RS,Porto Alegre,"-20.719294,-72.379421",Jardim América,Amazonas,Avenida,False,INV-1861,1000,HFC,SEM-COB,Cobertura Direta,Fibra 1000,199.9,Olivia Yamamoto,Ana Teixeira,Tiago Teixeira,29.550.059-7,793.093.760-74,,,olivia.yamamoto7@yahoo.com,Alto risco de crédito,13,Boleto,2025-11-08,https://files.example.com/doc-rg-cnh/olivia-yamamoto-JUUfFw.pdf,https://files.example.com/comp-resid/olivia-yamamoto-MQJsuG.pdf,zQv0LRwz37WX9itx,Reprovado,Sem Risco Aparente,Reprovado,Não
TEN-2238,Parceria Loja,ADS-203973,2025-06-11 16:59:13,ADDR-8487655,"Avenida Bahia, 9591 - Savassi, São Paulo/SP, CEP 27210-162",27210-162,9591,Canal,WhatsApp,a411c6o0,Origem,Parceria Loja,nwshgT,Tracking,utm_campaign,YpyXaIHS6R,SP,São Paulo,"-24.092925,-60.538732",Savassi,Bahia,Avenida,True,INV-5403,300,HFC,OK,Aguardando Expansão,Fibra 300,99.9,Karina Ximenes,Felipe Wagner,Nicolas Klein,92.688.444-5,165.330.119-87,,,karina.ximenes20@uol.com.br,Baixo risco de crédito,23,Boleto,2025-06-21,https://files.example.com/doc-rg-cnh/karina-ximenes-fb0jKz.pdf,https://files.example.com/comp-resid/karina-ximenes-2tlACw.pdf,MFpht0YmsFEgnEY0,Aprovado,Sem Risco Aparente,Aprovado,Não
TEN-4662,Ads Google,ADS-230941,2025-06-19 22:36:48,ADDR-9872417,"Avenida Bahia, 1478 - Centro, Florianópolis/SC, CEP 55077-526",55077-526,1478,Canal,WhatsApp,iFOggeeB,Origem,Ads Google,QY4M6J,Tracking,utm_term,cmA06KqcIz,SC,Florianópolis,"-31.58726,-45.944594",Centro,Bahia,Avenida,True,INV-8580,1000,FTTH,PEND,Cobertura Direta,Fibra 1000,199.9,Rafael Gomes,Ana Henrique,Eduarda Pereira,15.976.102-4,209.492.947-72,72.634.129/3614-97,Soluções Beta Ltda.,rafael.gomes93@uol.com.br,Baixo risco de crédito,11,Boleto,,https://files.example.com/doc-rg-cnh/rafael-gomes-CBiqV7.pdf,https://files.example.com/comp-resid/rafael-gomes-lV2sI9.pdf,3JMIHw9UDmfxFX6h,Inconclusivo,Com risco,Reprovado,Não
TEN-9391,Ads Google,ADS-592213,2025-08-29 20:05:19,ADDR-6888325,"Rua Copacabana, 479 - Centro, Rio de Janeiro/RJ, CEP 62507-257",62507-257,479,Canal,Site,26sJGClW,Origem,Ads Google,formle,Tracking,utm_term,SKQXWDiFGG,RJ,Rio de Janeiro,"-22.474359,-66.605935",Centro,Copacabana,Rua,True,INV-4280,700,HFC,N/PORTA,Backhaul Sem Porta,Fibra 500,129.9,Isabela Ximenes,Zélia Vasconcelos,Gabriela Ramos,52.890.404-1,099.331.132-67,,,isabela.ximenes34@uol.com.br,Baixo risco de crédito,12,PIX,2025-09-22,,https://files.example.com/comp-resid/isabela-ximenes-5MKuxJ.pdf,pN1SnbwA0HGLIQII,Aprovado,Com risco,Reprovado,Não
TEN-5525,Recomendação,ADS-205245,2025-05-24 23:16:18,ADDR-9268689,"Travessa Bahia, 3426 - Copacabana, Salvador/BA, CEP 50407-481",50407-481,3426,Canal,WhatsApp,5ovEBmov,Origem,Recomendação,3CNN5k,Tracking,utm_term,8HupSBQp1q,BA,Salvador,"-19.30887,-52.423467",Copacabana,Bahia,Travessa,True,INV-4034,700,FTTH,SEM-COB,Backhaul Sem Porta,Fibra 500,129.9,Mariana Oliveira,Carla Dias,Ana Klein,99.367.985-8,418.067.726-12,,,mariana.oliveira38@yahoo.com,Baixo risco de crédito,1,Cartão de Crédito,,https://files.example.com/doc-rg-cnh/mariana-oliveira-kG9f1a.pdf,,4BNCkwB1hHDIXLu7,Inconclusivo,Inconclusivo,Pendente,Não
TEN-8183,Parceria Loja,ADS-520489,2025-07-05 09:23:53,ADDR-4258373,"Avenida Bahia, 8987 - Vila Nova, Recife/PE, CEP 83478-339",83478-339,8987,Canal,Telefone,RZWpWghF,Origem,Parceria Loja,lIr6AY,Tracking,utm_term,CVEyhO5QtG,PE,Recife,"-32.152931,-44.364177",Vila Nova,Bahia,Avenida,True,INV-1254,300,FTTC,OK,Necessita Viabilidade,Fibra 1000,199.9,Diego Oliveira,Ana Ferreira,Karina Almeida,06.577.939-1,093.755.716-10,,,diego.oliveira28@uol.com.br,Baixo risco de crédito,6,Débito Automático,2025-07-21,https://files.example.com/doc-rg-cnh/diego-oliveira-KfolFQ.pdf,https://files.example.com/comp-resid/diego-oliveira-QKU9u9.pdf,CFlfOgcfHmqVBjQ9,Inconclusivo,Sem Risco Aparente,Pendente,Não
TEN-6840,Parceria Loja,ADS-329577,2025-07-22 12:36:45,ADDR-7767545,"Alameda Amazonas, 8396 - Santa Cecília, Belo Horizonte/MG, CEP 70059-849",70059-849,8396,Canal,Telefone,k3aiCFeJ,Origem,Parceria Loja,3bI3Kz,Tracking,utm_term,BOtZzIGwar,MG,Belo Horizonte,"-33.648235,-64.418189",Santa Cecília,Amazonas,Alameda,True,INV-9531,1000,HFC,SEM-COB,Backhaul Sem Porta,Fibra 300,99.9,Paulo Pereira,Tiago Igarashi,Yara Jardim,69.715.291-6,320.284.507-11,,,paulo.pereira70@gmail.com,Médio risco de crédito,3,Débito Automático,,https://files.example.com/doc-rg-cnh/paulo-pereira-VoFXLG.pdf,https://files.example.com/comp-resid/paulo-pereira-elGKCN.pdf,IOz0G29ZVQIpgOpL,Inconclusivo,Com risco,Pendente,Não
TEN-8801,Orgânico,ADS-924097,2025-09-15 15:06:16,ADDR-9778600,"Rua Amazonas, 324 - Pinheiros, Belo Horizonte/MG, CEP 18966-405",18966-405,324,Canal,Site,pjOrWqk5,Origem,Orgânico,mgEqxC,Tracking,utm_source,KewuMaUeAE,MG,Belo Horizonte,"-17.525312,-48.990286",Pinheiros,Amazonas,Rua,True,INV-3919,300,FTTC,PEND,Aguardando Expansão,Fibra 700,149.9,Xavier Jardim,Vitor Vasconcelos,Eduarda Oliveira,40.999.967-6,199.284.819-03,,,xavier.jardim86@yahoo.com,Médio risco de crédito,2,Boleto,2025-09-22,https://files.example.com/doc-rg-cnh/xavier-jardim-GiLqKp.pdf,https://files.example.com/comp-resid/xavier-jardim-IzUlyN.pdf,CRYixuQ9URmAyfgs,Reprovado,Com risco,Reprovado,Não
TEN-1857,Recomendação,ADS-184716,2025-09-13 23:59:43,ADDR-5072228,"Avenida Paraná, 2555 - Savassi, Recife/PE, CEP 85610-864",85610-864,2555,Canal,Site,dc72H6HQ,Origem,Recomendação,gBLzOv,Tracking,utm_term,PZEoZRTM88,PE,Recife,"-28.565121,-64.697261",Savassi,Paraná,Avenida,True,INV-6448,700,FTTC,PEND,Cobertura Direta,Fibra 300,99.9,Karina Uchoa,Xavier Yamamoto,Paulo Wagner,19.026.432-6,415.082.171-22,,,karina.uchoa62@proton.me,Baixo risco de crédito,10,Débito Automático,2025-09-30,https://files.example.com/doc-rg-cnh/karina-uchoa-trQcl7.pdf,https://files.example.com/comp-resid/karina-uchoa-G2SC0q.pdf,Biqjg6C9HaJXyuot,Reprovado,Com risco,Pendente,Não
TEN-6421,Recomendação,ADS-638953,2025-06-13 02:28:53,ADDR-3515950,"Alameda Copacabana, 7385 - Santa Cecília, São Paulo/SP, CEP 71439-273",71439-273,7385,Canal,WhatsApp,Z680TxnB,Origem,Recomendação,jCephY,Tracking,utm_term,TOZVF8CBNW,SP,São Paulo,"-16.777732,-58.792063",Santa Cecília,Copacabana,Alameda,True,INV-8471,300,HFC,OK,Aguardando Expansão,Fibra 700,149.9,Queila Barbosa,Nicolas Ferreira,Karina Gomes,78.096.271-2,827.327.472-11,,,queila.barbosa5@yahoo.com,Alto risco de crédito,2,Cartão de Crédito,2025-07-05,https://files.example.com/doc-rg-cnh/queila-barbosa-C5OCUT.pdf,https://files.example.com/comp-resid/queila-barbosa-eTULhU.pdf,kXMNewTgcz0NofZ0,Inconclusivo,Sem Risco Aparente,Pendente,Não
TEN-8179,Ads Google,ADS-384767,2025-07-01 06:24:04,ADDR-9826594,"Travessa Paulista, 4883 - Boa Viagem, Goiânia/GO, CEP 70640-734",70640-734,4883,Canal,Site,sa8xWC8e,Origem,Ads Google,DOb4uQ,Tracking,utm_source,MTCkNVwshe,GO,Goiânia,"-18.810458,-68.94424",Boa Viagem,Paulista,Travessa,True,INV-8183,500,FTTC,N/PORTA,Backhaul Sem Porta,Fibra 300,99.9,Karina Barbosa,Zélia Vasconcelos,Yara Esteves,14.704.730-5,760.309.998-69,,,karina.barbosa62@gmail.com,Alto risco de crédito,15,PIX,2025-07-09,https://files.example.com/doc-rg-cnh/karina-barbosa-JqD98l.pdf,https://files.example.com/comp-resid/karina-barbosa-x86FxN.pdf,LVstavi84P6VG0Ex,Aprovado,Sem Risco Aparente,Reprovado,Não
TEN-4521,Recomendação,ADS-599798,2025-05-29 18:35:32,ADDR-1819159,"Avenida Paraná, 1347 - Santa Cecília, Recife/PE, CEP 66648-509",66648-509,1347,Canal,Site,dKf27j7M,Origem,Recomendação,axwtep,Tracking,utm_source,aLtTDm9C4v,PE,Recife,"-25.999634,-70.510847",Santa Cecília,Paraná,Avenida,False,INV-2176,300,FTTC,SEM-COB,Necessita Viabilidade,Fibra 500,129.9,Tiago Silva,Sofia Gomes,Mariana Esteves,52.850.971-1,650.997.367-77,75.465.171/6176-27,Soluções Beta Ltda.,tiago.silva74@uol.com.br,Médio risco de crédito,13,PIX,2025-06-18,https://files.example.com/doc-rg-cnh/tiago-silva-ksMf4n.pdf,https://files.example.com/comp-resid/tiago-silva-eC7llH.pdf,NinLobR1X1ntLMMI,Aprovado,Com risco,Reprovado,Não
TEN-2856,Facebook Leads,ADS-248137,2025-09-19 01:09:39,ADDR-5223519,"Avenida Copacabana, 7010 - Centro, Rio de Janeiro/RJ, CEP 48286-835",48286-835,7010,Canal,Site,4X8fMT7S,Origem,Facebook Leads,rgkqJu,Tracking,utm_source,dxCn1cqfOf,RJ,Rio de Janeiro,"-24.443205,-50.101949",Centro,Copacabana,Avenida,True,INV-1680,300,HFC,N/PORTA,Aguardando Expansão,Fibra 300,99.9,Wesley Pereira,Tiago Zanin,Vitor Ramos,78.584.330-8,943.570.532-42,,,wesley.pereira63@uol.com.br,Alto risco de crédito,24,Débito Automático,2025-10-12,https://files.example.com/doc-rg-cnh/wesley-pereira-uHBZkM.pdf,https://files.example.com/comp-resid/wesley-pereira-Q5q0D6.pdf,59cxKWK3kn2OMedi,Aprovado,Com risco,Pendente,Não
TEN-9724,Orgânico,ADS-872011,2025-07-25 17:45:37,ADDR-4162319,"Alameda Bahia, 1015 - Vila Nova, Florianópolis/SC, CEP 20772-915",20772-915,1015,Canal,Loja,uvmTwnlA,Origem,Orgânico,ZBYDKp,Tracking,utm_campaign,BpSngbbvxn,SC,Florianópolis,"-14.10236,-72.909037",Vila Nova,Bahia,Alameda,True,INV-4913,700,HFC,OK,Necessita Viabilidade,Fibra 300,99.9,Sofia Klein,Xavier Wagner,Carla Cardoso,05.265.929-1,019.289.539-72,,,sofia.klein86@outlook.com,Baixo risco de crédito,8,Débito Automático,,,,a0OAJhoDgR99zeGd,Reprovado,Inconclusivo,Pendente,Não
TEN-5319,Recomendação,ADS-289819,2025-09-11 12:45:23,ADDR-7372183,"Avenida Paulista, 3086 - Boa Viagem, São Paulo/SP, CEP 51078-680",51078-680,3086,Canal,Loja,i8V13z7M,Origem,Recomendação,FZuXB1,Tracking,utm_term,Ue4HkY2i27,SP,São Paulo,"-17.320379,-48.963558",Boa Viagem,Paulista,Avenida,True,INV-2255,300,FTTH,OK,Backhaul Sem Porta,Fibra 500,129.9,Nicolas Klein,Ana Klein,Lucas Teixeira,20.936.502-9,514.753.312-58,,,nicolas.klein98@proton.me,Médio risco de crédito,3,Cartão de Crédito,2025-09-24,https://files.example.com/doc-rg-cnh/nicolas-klein-E19Yp9.pdf,https://files.example.com/comp-resid/nicolas-klein-cm7XTP.pdf,b6sVHEG4Zy0kvtcy,Aprovado,Inconclusivo,Pendente,Não
TEN-6828,Parceria Loja,ADS-928882,2025-06-29 09:00:28,ADDR-3296639,"Alameda Ipanema, 6081 - Jardim América, Porto Alegre/RS, CEP 39687-948",39687-948,6081,Canal,Loja,Oy84ZI99,Origem,Parceria Loja,g4QDsM,Tracking,utm_term,0qx86NNvfu,RS,Porto Alegre,"-19.88659,-67.473352",Jardim América,Ipanema,Alameda,True,INV-1343,300,FTTC,N/PORTA,Backhaul Sem Porta,Fibra 1000,199.9,Zélia Cardoso,Diego Ximenes,Nicolas Wagner,67.517.326-0,479.935.616-04,23.246.481/2560-41,Comercial Alfa Ltda.,zélia.cardoso26@icloud.com,Médio risco de crédito,12,PIX,2025-07-13,,https://files.example.com/comp-resid/zélia-cardoso-euXlpq.pdf,KSCXYfSF1rd4PpSG,Aprovado,Com risco,Reprovado,Não
TEN-4782,Orgânico,ADS-762564,2025-05-07 01:28:28,ADDR-7204592,"Travessa Paulista, 1298 - Vila Nova, Curitiba/PR, CEP 79236-202",79236-202,1298,Canal,Loja,JbB2RD5U,Origem,Orgânico,nR1a6A,Tracking,utm_source,atsnOXO4hr,PR,Curitiba,"-30.836805,-50.65673",Vila Nova,Paulista,Travessa,True,INV-3998,700,FTTH,N/PORTA,Necessita Viabilidade,Fibra 700,149.9,Tiago Uchoa,Ana Almeida,Wesley Lima,08.648.917-8,956.444.351-21,,,tiago.uchoa63@icloud.com,Alto risco de crédito,22,Cartão de Crédito,2025-05-14,https://files.example.com/doc-rg-cnh/tiago-uchoa-cXXZCc.pdf,https://files.example.com/comp-resid/tiago-uchoa-eHbanN.pdf,VIapUByWG9fIucSK,Inconclusivo,Inconclusivo,Reprovado,Não
TEN-7574,Orgânico,ADS-931318,2025-07-05 15:09:07,ADDR-4180041,"Alameda Bahia, 1124 - Boa Vista, Porto Alegre/RS, CEP 30611-130",30611-130,1124,Canal,Loja,F7FNQNlJ,Origem,Orgânico,AQWmwp,Tracking,utm_campaign,qs3okrCCEb,RS,Porto Alegre,"-30.284555,-49.455347",Boa Vista,Bahia,Alameda,True,INV-6760,500,HFC,PEND,Backhaul Sem Porta,Fibra 500,129.9,Paulo Gomes,Paulo Uchoa,Ana Dias,68.861.763-1,599.000.405-20,,,paulo.gomes52@proton.me,Baixo risco de crédito,18,Débito Automático,2025-07-16,https://files.example.com/doc-rg-cnh/paulo-gomes-koYbbx.pdf,https://files.example.com/comp-resid/paulo-gomes-01oUwV.pdf,OeDACIQyGZQliq6y,Reprovado,Com risco,Pendente,Não
TEN-8856,Parceria Loja,ADS-452877,2025-06-06 15:39:49,ADDR-7875133,"Avenida Ipanema, 2940 - Savassi, Florianópolis/SC, CEP 63691-954",63691-954,2940,Canal,WhatsApp,fFrOkspr,Origem,Parceria Loja,J1NOVy,Tracking,utm_campaign,WfaMcTOGRP,SC,Florianópolis,"-23.917556,-66.477149",Savassi,Ipanema,Avenida,True,INV-1000,300,FTTH,SEM-COB,Backhaul Sem Porta,Fibra 500,129.9,Olivia Ximenes,Yara Ramos,Ursula Ximenes,95.821.973-6,690.408.889-30,69.604.430/9995-83,Serviços Delta Ltda.,olivia.ximenes2@uol.com.br,Médio risco de crédito,18,Boleto,2025-06-14,https://files.example.com/doc-rg-cnh/olivia-ximenes-ASbLy6.pdf,https://files.example.com/comp-resid/olivia-ximenes-4eutl9.pdf,5tJvVUV1EIpz8Hys,Reprovado,Com risco,Pendente,Não
TEN-8189,Facebook Leads,ADS-405362,2025-09-05 15:16:02,ADDR-9446097,"Travessa Bahia, 8389 - Copacabana, Belo Horizonte/MG, CEP 90833-584",90833-584,8389,Canal,Telefone,em8KE5Z6,Origem,Facebook Leads,bqKCsx,Tracking,utm_term,yRZE1VzRGg,MG,Belo Horizonte,"-24.596276,-54.810555",Copacabana,Bahia,Travessa,True,INV-2847,1000,FTTH,OK,Aguardando Expansão,Fibra 300,99.9,Vitor Cardoso,Hugo Zanin,Tiago Jardim,87.783.254-8,525.727.490-68,,,vitor.cardoso13@yahoo.com,Alto risco de crédito,23,PIX,,https://files.example.com/doc-rg-cnh/vitor-cardoso-oZNV0E.pdf,https://files.example.com/comp-resid/vitor-cardoso-nvlT0m.pdf,a2dvh5ihgO6xZ4kP,Inconclusivo,Com risco,Reprovado,Não
TEN-8316,Black Friday,ADS-346556,2025-08-21 08:07:02,ADDR-2715172,"Rua Amazonas, 8199 - Copacabana, Salvador/BA, CEP 76239-492",76239-492,8199,Canal,Site,VFss8NeG,Origem,Black Friday,ALr4DZ,Tracking,utm_campaign,A21uIdQXEb,BA,Salvador,"-25.324084,-51.231087",Copacabana,Amazonas,Rua,True,INV-5552,700,FTTH,SEM-COB,Necessita Viabilidade,Fibra 700,149.9,Nicolas Igarashi,Queila Dias,Yara Ramos,45.468.090-7,979.267.245-13,23.159.346/7059-18,Tecnologia Gamma Ltda.,nicolas.igarashi11@outlook.com,Baixo risco de crédito,28,Boleto,2025-08-31,https://files.example.com/doc-rg-cnh/nicolas-igarashi-OETQDr.pdf,,NrU9PlLaZiT4nrSp,Reprovado,Inconclusivo,Pendente,Não
TEN-8288,Facebook Leads,ADS-898951,2025-10-01 21:56:55,ADDR-5554889,"Travessa Paulista, 6309 - Pinheiros, Rio de Janeiro/RJ, CEP 87689-405",87689-405,6309,Canal,WhatsApp,VIhpThx5,Origem,Facebook Leads,zjOvWw,Tracking,utm_campaign,lHBh4vLd68,RJ,Rio de Janeiro,"-21.121038,-51.117639",Pinheiros,Paulista,Travessa,True,INV-5724,300,FTTC,SEM-COB,Cobertura Direta,Fibra 500,129.9,Bruno Zanin,Felipe Wagner,Hugo Igarashi,58.814.885-3,148.919.317-01,,,bruno.zanin52@icloud.com,Baixo risco de crédito,13,Débito Automático,2025-10-23,https://files.example.com/doc-rg-cnh/bruno-zanin-bT9l6O.pdf,https://files.example.com/comp-resid/bruno-zanin-SVjYy6.pdf,7ISUA3nXuE79UJdf,Inconclusivo,Inconclusivo,Pendente,Não
TEN-3139,Facebook Leads,ADS-795112,2025-09-09 05:26:09,ADDR-7733959,"Alameda Chile, 3587 - Copacabana, Curitiba/PR, CEP 29888-236",29888-236,3587,Canal,WhatsApp,azK4gTuJ,Origem,Facebook Leads,ZJJOS3,Tracking,utm_source,SRQ4ji0bGy,PR,Curitiba,"-22.932619,-51.243918",Copacabana,Chile,Alameda,True,INV-9475,1000,FTTC,SEM-COB,Aguardando Expansão,Fibra 700,149.9,Carla Barbosa,Tiago Gomes,Nicolas Almeida,66.007.105-5,329.550.281-18,,,carla.barbosa43@uol.com.br,Alto risco de crédito,26,Boleto,2025-10-03,,https://files.example.com/comp-resid/carla-barbosa-A4CYHv.pdf,SOx9f0SSDUcP1zTR,Inconclusivo,Sem Risco Aparente,Pendente,Não
TEN-4688,Orgânico,ADS-167646,2025-09-21 05:34:16,ADDR-8529909,"Alameda Minas Gerais, 9532 - Pinheiros, Salvador/BA, CEP 18092-124",18092-124,9532,Canal,Telefone,UlH31VY9,Origem,Orgânico,fusycq,Tracking,utm_term,zei6IoBwEk,BA,Salvador,"-17.402408,-65.33181",Pinheiros,Minas Gerais,Alameda,True,INV-4087,300,FTTH,N/PORTA,Aguardando Expansão,Fibra 500,129.9,Mariana Zanin,Karina Lima,Ana Zanin,31.625.904-1,427.600.440-33,,,mariana.zanin7@yahoo.com,Baixo risco de crédito,8,Cartão de Crédito,2025-10-11,https://files.example.com/doc-rg-cnh/mariana-zanin-mUaHit.pdf,https://files.example.com/comp-resid/mariana-zanin-C6TA9p.pdf,lNVSFSu6TXH4D6B6,Reprovado,Inconclusivo,Pendente,Não
TEN-4714,Ads Google,ADS-758786,2025-06-02 18:23:47,ADDR-1331017,"Rua Bahia, 107 - Savassi, Porto Alegre/RS, CEP 83512-178",83512-178,107,Canal,Telefone,RDQ5yX5m,Origem,Ads Google,OELLAC,Tracking,utm_term,jkiTOstrHJ,RS,Porto Alegre,"-20.504819,-72.802291",Savassi,Bahia,Rua,True,INV-1768,1000,HFC,SEM-COB,Necessita Viabilidade,Fibra 1000,199.9,João Esteves,Hugo Teixeira,Lucas Wagner,34.830.011-2,212.442.375-40,,,joão.esteves19@gmail.com,Baixo risco de crédito,20,PIX,2025-06-21,https://files.example.com/doc-rg-cnh/joão-esteves-FpV2mM.pdf,https://files.example.com/comp-resid/joão-esteves-NOI7mk.pdf,vfH2tnNNeYJuvwDG,Aprovado,Inconclusivo,Pendente,Não
TEN-3173,Ads Google,ADS-885182,2025-05-14 02:54:38,ADDR-7859388,"Travessa Amazonas, 2887 - Copacabana, Rio de Janeiro/RJ, CEP 58608-171",58608-171,2887,Canal,Loja,Pcyit0aO,Origem,Ads Google,4Zwx9Q,Tracking,utm_campaign,QgkDGkOJ77,RJ,Rio de Janeiro,"-23.267338,-73.415678",Copacabana,Amazonas,Travessa,False,INV-6834,300,HFC,PEND,Cobertura Direta,Fibra 500,129.9,Ana Queiroz,Zélia Silva,Bruno Gomes,98.211.060-0,168.443.110-79,,,ana.queiroz26@yahoo.com,Baixo risco de crédito,26,Débito Automático,,https://files.example.com/doc-rg-cnh/ana-queiroz-ctFTgf.pdf,,fRPw9UiLM84YWDHa,Inconclusivo,Com risco,Pendente,Não
TEN-2449,Orgânico,ADS-384467,2025-08-10 15:07:35,ADDR-5515713,"Avenida XV de Novembro, 4511 - Boa Vista, Curitiba/PR, CEP 17508-666",17508-666,4511,Canal,Site,LIPQO9Ru,Origem,Orgânico,9ChSak,Tracking,utm_campaign,RCgT1uno99,PR,Curitiba,"-15.153532,-52.441861",Boa Vista,XV de Novembro,Avenida,True,INV-9338,500,FTTH,SEM-COB,Aguardando Expansão,Fibra 1000,199.9,Ana Silva,Gabriela Zanin,Gabriela Dias,43.158.263-8,089.165.351-15,,,ana.silva33@yahoo.com,Médio risco de crédito,5,Boleto,2025-08-25,https://files.example.com/doc-rg-cnh/ana-silva-QvocWs.pdf,https://files.example.com/comp-resid/ana-silva-08IeZV.pdf,brZDk9nlR9RbbnP7,Aprovado,Inconclusivo,Pendente,Sim
TEN-2061,Facebook Leads,ADS-368844,2025-07-23 15:13:36,ADDR-9394157,"Travessa Minas Gerais, 2381 - Centro, Belo Horizonte/MG, CEP 24577-573",24577-573,2381,Canal,Telefone,nm8YbaIC,Origem,Facebook Leads,I0Zi8C,Tracking,utm_campaign,4TIDcS0GjT,MG,Belo Horizonte,"-32.261052,-72.685638",Centro,Minas Gerais,Travessa,True,INV-6257,500,FTTC,SEM-COB,Cobertura Direta,Fibra 300,99.9,Ana Zanin,Queila Yamamoto,Hugo Lima,25.628.371-5,532.764.792-73,,,ana.zanin86@gmail.com,Baixo risco de crédito,20,Cartão de Crédito,,https://files.example.com/doc-rg-cnh/ana-zanin-3nRO8E.pdf,https://files.example.com/comp-resid/ana-zanin-2q4wzZ.pdf,UlO9yIOSyxkMuWcV,Aprovado,Com risco,Pendente,Não
TEN-2441,Parceria Loja,ADS-249386,2025-06-27 16:31:57,ADDR-5837395,"Avenida Copacabana, 218 - Santa Cecília, Recife/PE, CEP 50487-144",50487-144,218,Canal,Loja,kQQeDohX,Origem,Parceria Loja,OD4xWx,Tracking,utm_campaign,Yn58MYmlnH,PE,Recife,"-26.002503,-63.746859",Santa Cecília,Copacabana,Avenida,True,INV-2940,700,HFC,OK,Backhaul Sem Porta,Fibra 500,129.9,Isabela Zanin,Paulo Gomes,Nicolas Dias,72.080.695-3,977.447.644-12,,,isabela.zanin30@proton.me,Alto risco de crédito,19,Débito Automático,,https://files.example.com/doc-rg-cnh/isabela-zanin-pia3G1.pdf,https://files.example.com/comp-resid/isabela-zanin-egwgL5.pdf,YsYFilY2gfvkUfg6,Aprovado,Inconclusivo,Pendente,Não
TEN-6735,Facebook Leads,ADS-423786,2025-05-29 13:59:03,ADDR-6095956,"Travessa Paulista, 4893 - Copacabana, Fortaleza/CE, CEP 47782-982",47782-982,4893,Canal,Loja,syE5d3I4,Origem,Facebook Leads,yObnOu,Tracking,utm_term,yydt79nyw9,CE,Fortaleza,"-23.043743,-47.352097",Copacabana,Paulista,Travessa,True,INV-7542,300,HFC,OK,Cobertura Direta,Fibra 300,99.9,Carla Wagner,Lucas Cardoso,Felipe Nascimento,85.982.873-8,253.549.796-41,,,carla.wagner17@outlook.com,Alto risco de crédito,10,Cartão de Crédito,2025-06-05,https://files.example.com/doc-rg-cnh/carla-wagner-dfIpoX.pdf,https://files.example.com/comp-resid/carla-wagner-IOU58g.pdf,TbhpijoYWFIUKeCm,Reprovado,Com risco,Reprovado,Não
TEN-6024,Ads Google,ADS-548523,2025-07-08 15:00:54,ADDR-7529872,"Rua Chile, 8543 - Centro, Salvador/BA, CEP 83188-661",83188-661,8543,Canal,Telefone,3a8OoDsW,Origem,Ads Google,yf3ukR,Tracking,utm_source,ONdFjIoJPm,BA,Salvador,"-25.405075,-44.055018",Centro,Chile,Rua,True,INV-1290,1000,HFC,PEND,Cobertura Direta,Fibra 700,149.9,João Gomes,Ana Vasconcelos,Vitor Nascimento,56.838.207-4,178.816.957-30,,,joão.gomes77@outlook.com,Baixo risco de crédito,11,Cartão de Crédito,2025-07-26,https://files.example.com/doc-rg-cnh/joão-gomes-tvPaFO.pdf,https://files.example.com/comp-resid/joão-gomes-c0kq4A.pdf,ohyXEzGR5s7hspE1,Aprovado,Com risco,Pendente,Não
TEN-3788,Facebook Leads,ADS-429368,2025-10-07 18:38:39,ADDR-8393982,"Alameda Paraná, 4217 - Boa Vista, Florianópolis/SC, CEP 74236-633",74236-633,4217,Canal,Loja,ocXhyBbQ,Origem,Facebook Leads,QZqOwr,Tracking,utm_term,HP0NIsKvRZ,SC,Florianópolis,"-28.822623,-58.388002",Boa Vista,Paraná,Alameda,True,INV-3001,300,FTTH,N/PORTA,Cobertura Direta,Fibra 300,99.9,Gabriela Uchoa,Queila Uchoa,Hugo Machado,08.414.431-0,388.049.753-26,,,gabriela.uchoa88@outlook.com,Médio risco de crédito,3,Boleto,,https://files.example.com/doc-rg-cnh/gabriela-uchoa-EskEba.pdf,https://files.example.com/comp-resid/gabriela-uchoa-xqSzLK.pdf,S5IRIeZGcUF6zD35,Reprovado,Com risco,Reprovado,Não
TEN-6790,Recomendação,ADS-983902,2025-10-03 18:05:38,ADDR-2557496,"Travessa Paulista, 800 - Jardim América, Curitiba/PR, CEP 31060-932",31060-932,800,Canal,WhatsApp,dnB6R1UF,Origem,Recomendação,M4XR8g,Tracking,utm_source,85XgFEW4ma,PR,Curitiba,"-14.641113,-49.180583",Jardim América,Paulista,Travessa,True,INV-3836,700,FTTC,OK,Aguardando Expansão,Fibra 700,149.9,Nicolas Yamamoto,Wesley Uchoa,Carla Lima,63.623.923-9,998.466.098-25,,,nicolas.yamamoto82@uol.com.br,Alto risco de crédito,6,Boleto,2025-10-17,https://files.example.com/doc-rg-cnh/nicolas-yamamoto-INeJFK.pdf,,WrpP9IMyXsC5lDki,Inconclusivo,Sem Risco Aparente,Reprovado,Não
TEN-4047,Parceria Loja,ADS-454569,2025-05-20 22:28:28,ADDR-8561248,"Alameda XV de Novembro, 6301 - Savassi, Porto Alegre/RS, CEP 77223-473",77223-473,6301,Canal,Telefone,pwdYlew4,Origem,Parceria Loja,4CJe3U,Tracking,utm_source,HeUYZ1iNDn,RS,Porto Alegre,"-22.669302,-61.303424",Savassi,XV de Novembro,Alameda,False,INV-8990,300,FTTC,OK,Cobertura Direta,Fibra 1000,199.9,Paulo Uchoa,Isabela Cardoso,Mariana Silva,52.876.624-9,788.688.531-75,,,paulo.uchoa10@proton.me,Alto risco de crédito,12,Débito Automático,2025-05-21,https://files.example.com/doc-rg-cnh/paulo-uchoa-9dCDF6.pdf,https://files.example.com/comp-resid/paulo-uchoa-Jl1HcI.pdf,IC9t8xiv1jpA4XCq,Reprovado,Com risco,Reprovado,Não
TEN-2279,Parceria Loja,ADS-569203,2025-09-26 07:01:30,ADDR-5544639,"Avenida Amazonas, 8062 - Pinheiros, Curitiba/PR, CEP 39368-517",39368-517,8062,Canal,Site,g21WUlJd,Origem,Parceria Loja,UWnBfP,Tracking,utm_term,T116L43nxb,PR,Curitiba,"-24.804688,-55.785784",Pinheiros,Amazonas,Avenida,True,INV-5176,700,HFC,PEND,Cobertura Direta,Fibra 700,149.9,Rafael Silva,Xavier Wagner,Rafael Yamamoto,44.995.822-6,630.038.749-69,,,rafael.silva78@outlook.com,Alto risco de crédito,2,Boleto,2025-10-19,https://files.example.com/doc-rg-cnh/rafael-silva-8CVMcI.pdf,,Os4P50KDGt0h9vBL,Reprovado,Inconclusivo,Reprovado,Sim
TEN-7892,Parceria Loja,ADS-186881,2025-06-05 08:14:34,ADDR-9317092,"Travessa XV de Novembro, 8469 - Savassi, São Paulo/SP, CEP 54678-409",54678-409,8469,Canal,Telefone,5x23F48a,Origem,Parceria Loja,K7twj2,Tracking,utm_term,PhT8ikbHqy,SP,São Paulo,"-21.198427,-55.00323",Savassi,XV de Novembro,Travessa,True,INV-1045,300,FTTH,SEM-COB,Aguardando Expansão,Fibra 700,149.9,Hugo Silva,Gabriela Esteves,Queila Cardoso,73.864.546-6,719.710.731-80,,,hugo.silva99@gmail.com,Médio risco de crédito,11,Boleto,2025-06-16,https://files.example.com/doc-rg-cnh/hugo-silva-TfHVtC.pdf,,0zUNv3Dvl1j4hjpz,Reprovado,Com risco,Reprovado,Não
TEN-1016,Black Friday,ADS-119579,2025-05-11 07:59:43,ADDR-4710879,"Rua Bahia, 7735 - Copacabana, Curitiba/PR, CEP 37692-322",37692-322,7735,Canal,Site,3b1Hzmpa,Origem,Black Friday,h4o3HG,Tracking,utm_source,dHuc4evWQn,PR,Curitiba,"-20.219524,-57.72721",Copacabana,Bahia,Rua,False,INV-9803,300,FTTC,N/PORTA,Backhaul Sem Porta,Fibra 300,99.9,Lucas Silva,Nicolas Teixeira,Gabriela Lima,65.042.672-6,094.102.985-98,,,lucas.silva37@proton.me,Médio risco de crédito,15,Cartão de Crédito,2025-05-30,https://files.example.com/doc-rg-cnh/lucas-silva-8nqFIH.pdf,https://files.example.com/comp-resid/lucas-silva-WpAP3p.pdf,wDqF6oZ3EvhI0xpZ,Aprovado,Com risco,Pendente,Não
TEN-8328,Recomendação,ADS-962778,2025-07-04 21:08:22,ADDR-8532009,"Avenida Paulista, 5053 - Boa Viagem, Goiânia/GO, CEP 78579-704",78579-704,5053,Canal,WhatsApp,FzKbU0cr,Origem,Recomendação,0miX99,Tracking,utm_source,i57XFSs2lK,GO,Goiânia,"-21.972311,-66.146675",Boa Viagem,Paulista,Avenida,True,INV-3268,700,HFC,N/PORTA,Necessita Viabilidade,Fibra 500,129.9,Lucas Machado,Carla Ferreira,Ursula Gomes,78.565.335-7,749.024.766-73,,,lucas.machado20@yahoo.com,Alto risco de crédito,24,PIX,2025-07-25,https://files.example.com/doc-rg-cnh/lucas-machado-QUHjvd.pdf,,CZpriyQIuhqVk9Zk,Aprovado,Sem Risco Aparente,Reprovado,Não
TEN-1945,Ads Google,ADS-300281,2025-08-13 23:16:58,ADDR-8197470,"Avenida Paulista, 5828 - Copacabana, Porto Alegre/RS, CEP 71888-993",71888-993,5828,Canal,Site,wS2rlWsF,Origem,Ads Google,aKBml5,Tracking,utm_campaign,Njeg9eqRP8,RS,Porto Alegre,"-25.788743,-46.394463",Copacabana,Paulista,Avenida,True,INV-9595,700,HFC,N/PORTA,Aguardando Expansão,Fibra 300,99.9,Xavier Machado,Isabela Vasconcelos,Wesley Gomes,36.999.354-5,253.589.377-06,,,xavier.machado97@yahoo.com,Médio risco de crédito,5,Débito Automático,,https://files.example.com/doc-rg-cnh/xavier-machado-Gm5mBV.pdf,https://files.example.com/comp-resid/xavier-machado-eoRv6j.pdf,sEusgFUw9MwwrfDH,Reprovado,Sem Risco Aparente,Reprovado,Não
TEN-8018,Orgânico,ADS-257576,2025-06-21 19:54:47,ADDR-6813543,"Rua das Palmeiras, 2787 - Santa Cecília, Belo Horizonte/MG, CEP 63711-896",63711-896,2787,Canal,Telefone,uilzescT,Origem,Orgânico,hDiQ8R,Tracking,utm_source,V5bPHQ2m5Q,MG,Belo Horizonte,"-15.461309,-60.391366",Santa Cecília,das Palmeiras,Rua,True,INV-9499,700,FTTH,N/PORTA,Aguardando Expansão,Fibra 1000,199.9,Paulo Silva,Wesley Ferreira,Xavier Klein,93.123.288-2,064.389.598-12,,,paulo.silva17@icloud.com,Baixo risco de crédito,22,Débito Automático,2025-07-08,https://files.example.com/doc-rg-cnh/paulo-silva-qFI7ET.pdf,,VMHbZZBs0WuQ21Mk,Aprovado,Sem Risco Aparente,Aprovado,Não
TEN-8922,Recomendação,ADS-840078,2025-07-01 10:10:41,ADDR-7736255,"Travessa Copacabana, 3814 - Pinheiros, Florianópolis/SC, CEP 67016-148",67016-148,3814,Canal,WhatsApp,iaMM4bth,Origem,Recomendação,4XjDQM,Tracking,utm_campaign,MrqTB9Va6B,SC,Florianópolis,"-16.043516,-57.416246",Pinheiros,Copacabana,Travessa,True,INV-2692,300,HFC,PEND,Backhaul Sem Porta,Fibra 700,149.9,Yara Cardoso,Hugo Wagner,Bruno Ximenes,69.984.768-3,542.792.092-78,,,yara.cardoso20@icloud.com,Alto risco de crédito,25,Boleto,2025-07-12,https://files.example.com/doc-rg-cnh/yara-cardoso-gkdRE7.pdf,https://files.example.com/comp-resid/yara-cardoso-Rr6D4W.pdf,IfOiJYd4GrNCdP97,Inconclusivo,Sem Risco Aparente,Reprovado,Não
TEN-7218,Recomendação,ADS-913507,2025-05-14 04:36:18,ADDR-1862595,"Travessa Amazonas, 7744 - Jardim América, Recife/PE, CEP 23984-311",23984-311,7744,Canal,Site,SdfYvR0k,Origem,Recomendação,gs9Bti,Tracking,utm_term,5bOc0jJnER,PE,Recife,"-26.239682,-60.173935",Jardim América,Amazonas,Travessa,True,INV-7009,500,FTTH,PEND,Backhaul Sem Porta,Fibra 500,129.9,Ana Teixeira,Tiago Teixeira,Rafael Esteves,08.919.853-8,565.494.218-29,,,ana.teixeira33@icloud.com,Alto risco de crédito,19,Cartão de Crédito,2025-05-18,https://files.example.com/doc-rg-cnh/ana-teixeira-J7w1kE.pdf,https://files.example.com/comp-resid/ana-teixeira-iEmOfi.pdf,yJJl8xMUATns2z8H,Inconclusivo,Com risco,Pendente,Sim
TEN-4423,Ads Google,ADS-917714,2025-07-18 09:05:00,ADDR-4019042,"Avenida XV de Novembro, 9167 - Savassi, Florianópolis/SC, CEP 20799-854",20799-854,9167,Canal,WhatsApp,EnMSCQPz,Origem,Ads Google,LLd3yb,Tracking,utm_campaign,Re42X5vhA4,SC,Florianópolis,"-14.619269,-54.242981",Savassi,XV de Novembro,Avenida,True,INV-9117,700,FTTH,N/PORTA,Necessita Viabilidade,Fibra 300,99.9,Bruno Vasconcelos,Mariana Cardoso,Isabela Uchoa,33.643.344-6,441.029.054-13,,,bruno.vasconcelos52@outlook.com,Médio risco de crédito,19,PIX,2025-08-08,https://files.example.com/doc-rg-cnh/bruno-vasconcelos-iDUCT4.pdf,,fD3abLGqGvVuZphE,Aprovado,Com risco,Pendente,Não
TEN-5335,Black Friday,ADS-783036,2025-05-13 04:24:48,ADDR-1960439,"Alameda das Palmeiras, 9674 - Savassi, Porto Alegre/RS, CEP 65549-424",65549-424,9674,Canal,Telefone,IA1Q6jOL,Origem,Black Friday,oUONHF,Tracking,utm_source,zFgGeRcEaW,RS,Porto Alegre,"-17.052067,-69.572364",Savassi,das Palmeiras,Alameda,True,INV-4089,500,HFC,SEM-COB,Backhaul Sem Porta,Fibra 1000,199.9,João Almeida,Gabriela Oliveira,Sofia Ferreira,63.569.902-6,815.672.311-28,,,joão.almeida26@icloud.com,Baixo risco de crédito,16,Cartão de Crédito,2025-05-18,https://files.example.com/doc-rg-cnh/joão-almeida-CFe6oy.pdf,https://files.example.com/comp-resid/joão-almeida-6wB0Eh.pdf,nuad3ZZsv6dAwUQ9,Inconclusivo,Com risco,Pendente,Não
TEN-2971,Parceria Loja,ADS-946645,2025-06-25 03:25:00,ADDR-8686114,"Rua das Palmeiras, 5831 - Jardim América, Fortaleza/CE, CEP 36105-277",36105-277,5831,Canal,Telefone,hxhPWNdz,Origem,Parceria Loja,bQUmSd,Tracking,utm_source,tzXKUFN6oF,CE,Fortaleza,"-28.807565,-56.743353",Jardim América,das Palmeiras,Rua,True,INV-7414,1000,FTTC,PEND,Backhaul Sem Porta,Fibra 500,129.9,Felipe Silva,Carla Klein,Vitor Wagner,92.056.591-5,536.731.844-40,,,felipe.silva77@proton.me,Alto risco de crédito,5,Boleto,2025-07-16,https://files.example.com/doc-rg-cnh/felipe-silva-9NsAGA.pdf,https://files.example.com/comp-resid/felipe-silva-0dLLSh.pdf,p4t2Ou95Jijhfeqm,Inconclusivo,Com risco,Pendente,Não
TEN-6594,Orgânico,ADS-984180,2025-08-25 05:49:18,ADDR-5673840,"Avenida Amazonas, 4016 - Boa Viagem, Rio de Janeiro/RJ, CEP 83101-836",83101-836,4016,Canal,Loja,zCpjgN48,Origem,Orgânico,qmfgYv,Tracking,utm_campaign,RnxxKeVsFM,RJ,Rio de Janeiro,"-26.293607,-44.72883",Boa Viagem,Amazonas,Avenida,True,INV-6972,300,FTTC,PEND,Necessita Viabilidade,Fibra 700,149.9,Yara Henrique,Sofia Queiroz,Nicolas Ramos,70.598.690-5,836.318.194-39,,,yara.henrique66@gmail.com,Alto risco de crédito,27,Débito Automático,2025-09-01,,,niIe6utdEIhRFY51,Reprovado,Sem Risco Aparente,Pendente,Não
TEN-4436,Facebook Leads,ADS-643994,2025-05-03 08:11:51,ADDR-6443504,"Avenida Ipanema, 8424 - Boa Vista, Rio de Janeiro/RJ, CEP 49239-316",49239-316,8424,Canal,WhatsApp,Upde2cLK,Origem,Facebook Leads,OBBCUg,Tracking,utm_campaign,zeTsgZXvfb,RJ,Rio de Janeiro,"-23.759056,-66.148984",Boa Vista,Ipanema,Avenida,True,INV-4408,500,FTTH,SEM-COB,Aguardando Expansão,Fibra 700,149.9,Karina Wagner,Paulo Wagner,Zélia Henrique,56.680.932-8,123.649.660-43,,,karina.wagner72@proton.me,Médio risco de crédito,7,Cartão de Crédito,2025-05-20,https://files.example.com/doc-rg-cnh/karina-wagner-N4Rcdb.pdf,https://files.example.com/comp-resid/karina-wagner-sGRsx5.pdf,V1pSl6zpbXQ8tJLM,Inconclusivo,Sem Risco Aparente,Aprovado,Não
TEN-6616,Facebook Leads,ADS-201129,2025-07-04 20:59:16,ADDR-6460059,"Avenida Bahia, 3696 - Santa Cecília, Belo Horizonte/MG, CEP 73972-253",73972-253,3696,Canal,Loja,4M6gKMJV,Origem,Facebook Leads,SXJq7w,Tracking,utm_source,QJbpw1MqJs,MG,Belo Horizonte,"-28.965825,-58.280194",Santa Cecília,Bahia,Avenida,True,INV-6645,1000,HFC,SEM-COB,Necessita Viabilidade,Fibra 1000,199.9,Hugo Igarashi,Nicolas Oliveira,Eduarda Klein,34.139.902-1,312.787.332-80,,,hugo.igarashi63@uol.com.br,Médio risco de crédito,28,PIX,2025-07-27,https://files.example.com/doc-rg-cnh/hugo-igarashi-w0VPJo.pdf,https://files.example.com/comp-resid/hugo-igarashi-PpCePA.pdf,nSXnaK7fXLRayc69,Inconclusivo,Inconclusivo,Aprovado,Não
TEN-6229,Recomendação,ADS-804125,2025-07-13 04:36:27,ADDR-7869982,"Avenida Amazonas, 3559 - Copacabana, Belo Horizonte/MG, CEP 63130-984",63130-984,3559,Canal,Telefone,4x43NQMJ,Origem,Recomendação,mSiO28,Tracking,utm_campaign,sjBdtF1K9W,MG,Belo Horizonte,"-21.127616,-73.136792",Copacabana,Amazonas,Avenida,True,INV-5578,300,HFC,OK,Backhaul Sem Porta,Fibra 300,99.9,Hugo Pereira,Lucas Ferreira,Wesley Gomes,81.926.019-6,230.342.785-19,,,hugo.pereira41@gmail.com,Médio risco de crédito,23,Boleto,2025-07-18,https://files.example.com/doc-rg-cnh/hugo-pereira-8pTubH.pdf,https://files.example.com/comp-resid/hugo-pereira-WndHKN.pdf,Sd4YUasm2qymThCU,Reprovado,Inconclusivo,Reprovado,Não
TEN-6019,Recomendação,ADS-444862,2025-05-25 18:54:10,ADDR-2263160,"Travessa Bahia, 6683 - Centro, São Paulo/SP, CEP 94514-751",94514-751,6683,Canal,WhatsApp,YT5u8w2n,Origem,Recomendação,Y00Q9B,Tracking,utm_campaign,u5d9SdkX5g,SP,São Paulo,"-17.212929,-47.631484",Centro,Bahia,Travessa,True,INV-4831,1000,FTTC,SEM-COB,Cobertura Direta,Fibra 300,99.9,Yara Gomes,Bruno Ramos,Paulo Henrique,06.377.242-7,190.089.241-37,,,yara.gomes12@gmail.com,Médio risco de crédito,19,Boleto,2025-05-30,https://files.example.com/doc-rg-cnh/yara-gomes-6yS1YL.pdf,https://files.example.com/comp-resid/yara-gomes-U542lv.pdf,Ear28EGgH5tOYCAS,Aprovado,Com risco,Pendente,Não
TEN-4543,Black Friday,ADS-202608,2025-09-05 15:27:49,ADDR-3792572,"Rua Minas Gerais, 573 - Boa Vista, São Paulo/SP, CEP 38573-495",38573-495,573,Canal,Loja,8xtJ4OVb,Origem,Black Friday,2sUXWi,Tracking,utm_source,fBeBrG1UXd,SP,São Paulo,"-23.771053,-70.30902",Boa Vista,Minas Gerais,Rua,True,INV-6775,500,FTTH,SEM-COB,Backhaul Sem Porta,Fibra 300,99.9,João Teixeira,Eduarda Klein,Lucas Henrique,27.190.650-7,532.058.303-69,71.797.537/4215-43,Comercial Gamma Ltda.,joão.teixeira63@proton.me,Médio risco de crédito,8,Débito Automático,2025-09-16,https://files.example.com/doc-rg-cnh/joão-teixeira-7kEkV5.pdf,https://files.example.com/comp-resid/joão-teixeira-EH2TPy.pdf,WwrdWuTnF7Y01Ug1,Aprovado,Sem Risco Aparente,Aprovado,Não
TEN-8950,Parceria Loja,ADS-585409,2025-06-22 11:08:51,ADDR-9976868,"Rua Copacabana, 7514 - Boa Vista, Porto Alegre/RS, CEP 14302-198",14302-198,7514,Canal,Site,wATzJWTe,Origem,Parceria Loja,te1taE,Tracking,utm_term,lT01FNwHg2,RS,Porto Alegre,"-25.027471,-57.33017",Boa Vista,Copacabana,Rua,True,INV-1547,1000,HFC,OK,Backhaul Sem Porta,Fibra 700,149.9,Ursula Wagner,Hugo Teixeira,Lucas Ferreira,49.779.040-9,724.562.940-41,,,ursula.wagner92@gmail.com,Baixo risco de crédito,4,Débito Automático,2025-06-23,https://files.example.com/doc-rg-cnh/ursula-wagner-97VXz7.pdf,https://files.example.com/comp-resid/ursula-wagner-rnS9Tr.pdf,BCfODI89AnqcxXC9,Inconclusivo,Sem Risco Aparente,Aprovado,Não
TEN-7965,Parceria Loja,ADS-727559,2025-09-24 22:13:48,ADDR-4382178,"Travessa Minas Gerais, 1228 - Vila Nova, Porto Alegre/RS, CEP 64612-180",64612-180,1228,Canal,Telefone,KTUjTdZ9,Origem,Parceria Loja,ULszpJ,Tracking,utm_campaign,KiO2fF5xlB,RS,Porto Alegre,"-15.023618,-52.854746",Vila Nova,Minas Gerais,Travessa,True,INV-1120,700,FTTH,N/PORTA,Necessita Viabilidade,Fibra 500,129.9,Rafael Vasconcelos,Olivia Zanin,Queila Henrique,09.828.975-3,637.488.672-04,,,rafael.vasconcelos50@gmail.com,Alto risco de crédito,6,Boleto,2025-10-18,https://files.example.com/doc-rg-cnh/rafael-vasconcelos-F6pMrV.pdf,https://files.example.com/comp-resid/rafael-vasconcelos-iivBX6.pdf,IfC6eBqOnclGA0nO,Inconclusivo,Sem Risco Aparente,Pendente,Não
TEN-1815,Parceria Loja,ADS-624792,2025-08-28 11:51:36,ADDR-9027859,"Alameda Chile, 519 - Jardim América, Salvador/BA, CEP 78281-319",78281-319,519,Canal,Loja,mYow5xQD,Origem,Parceria Loja,ivExEC,Tracking,utm_campaign,tyRLELofBG,BA,Salvador,"-18.688572,-63.580189",Jardim América,Chile,Alameda,True,INV-4494,300,HFC,N/PORTA,Cobertura Direta,Fibra 500,129.9,Zélia Vasconcelos,Paulo Pereira,Tiago Ramos,07.137.336-3,962.143.756-39,,,zélia.vasconcelos37@proton.me,Alto risco de crédito,16,PIX,,https://files.example.com/doc-rg-cnh/zélia-vasconcelos-vlwvNe.pdf,,0aCTc38eu8rTXaDu,Reprovado,Sem Risco Aparente,Reprovado,Não
TEN-3288,Parceria Loja,ADS-306593,2025-07-27 14:02:14,ADDR-9838562,"Avenida Bahia, 4812 - Jardim América, Porto Alegre/RS, CEP 79933-152",79933-152,4812,Canal,WhatsApp,YgHkc34g,Origem,Parceria Loja,nUYrEG,Tracking,utm_campaign,NREnfNi0CS,RS,Porto Alegre,"-31.972191,-73.698589",Jardim América,Bahia,Avenida,True,INV-9940,300,HFC,SEM-COB,Necessita Viabilidade,Fibra 500,129.9,Olivia Vasconcelos,Gabriela Almeida,Nicolas Wagner,13.264.710-1,659.285.787-09,,,olivia.vasconcelos50@outlook.com,Médio risco de crédito,16,Débito Automático,,https://files.example.com/doc-rg-cnh/olivia-vasconcelos-N9Ytu9.pdf,https://files.example.com/comp-resid/olivia-vasconcelos-KeiUwO.pdf,kQFghpyH6lmGnaFz,Inconclusivo,Inconclusivo,Aprovado,Não
TEN-5432,Black Friday,ADS-352605,2025-10-05 05:03:55,ADDR-5754192,"Travessa Paraná, 2527 - Jardim América, Recife/PE, CEP 81608-705",81608-705,2527,Canal,WhatsApp,ooqFiBxW,Origem,Black Friday,Xbd8nR,Tracking,utm_term,VaZB2c9gSu,PE,Recife,"-27.539362,-63.739296",Jardim América,Paraná,Travessa,True,INV-2622,300,FTTC,N/PORTA,Necessita Viabilidade,Fibra 500,129.9,Queila Igarashi,Zélia Almeida,Hugo Ramos,69.393.751-6,475.428.453-49,,,queila.igarashi36@gmail.com,Alto risco de crédito,1,PIX,,https://files.example.com/doc-rg-cnh/queila-igarashi-Wbnzbo.pdf,https://files.example.com/comp-resid/queila-igarashi-8dRnMa.pdf,U5d81tDaldvpedld,Aprovado,Com risco,Pendente,Não
TEN-6736,Facebook Leads,ADS-902739,2025-06-18 09:35:58,ADDR-3525602,"Rua Minas Gerais, 1961 - Centro, Curitiba/PR, CEP 28253-514",28253-514,1961,Canal,Site,Deb9asz9,Origem,Facebook Leads,vrEM2Q,Tracking,utm_source,nvbkks9CIf,PR,Curitiba,"-27.792871,-66.600827",Centro,Minas Gerais,Rua,True,INV-5104,700,FTTC,PEND,Backhaul Sem Porta,Fibra 500,129.9,Ana Gomes,Rafael Esteves,Vitor Almeida,70.304.356-0,914.772.828-07,,,ana.gomes47@outlook.com,Médio risco de crédito,8,Boleto,2025-06-29,https://files.example.com/doc-rg-cnh/ana-gomes-V3MYOe.pdf,https://files.example.com/comp-resid/ana-gomes-ogqPUB.pdf,HNQAwGKiCFVr7SMF,Aprovado,Inconclusivo,Pendente,Não
TEN-7900,Orgânico,ADS-455237,2025-06-04 11:20:40,ADDR-1769059,"Alameda das Palmeiras, 9669 - Vila Nova, Recife/PE, CEP 49439-207",49439-207,9669,Canal,Loja,eQZIh9u5,Origem,Orgânico,DhHst3,Tracking,utm_term,bx2F6XfmJq,PE,Recife,"-26.573944,-50.16944",Vila Nova,das Palmeiras,Alameda,True,INV-6321,1000,FTTC,N/PORTA,Aguardando Expansão,Fibra 1000,199.9,Gabriela Yamamoto,Sofia Dias,Ana Zanin,78.961.379-5,216.300.547-04,13.596.154/2679-35,Serviços Gamma Ltda.,gabriela.yamamoto62@gmail.com,Médio risco de crédito,4,PIX,,https://files.example.com/doc-rg-cnh/gabriela-yamamoto-0NiFis.pdf,,SfYzPnL6xB5k26BF,Reprovado,Com risco,Pendente,Não
TEN-3485,Facebook Leads,ADS-447452,2025-10-02 23:43:11,ADDR-2697469,"Alameda Bahia, 3575 - Centro, São Paulo/SP, CEP 59031-988",59031-988,3575,Canal,WhatsApp,GddcwXqg,Origem,Facebook Leads,mUL1Qw,Tracking,utm_term,pfUvtHPLaZ,SP,São Paulo,"-27.548035,-64.767535",Centro,Bahia,Alameda,True,INV-3906,500,FTTC,PEND,Necessita Viabilidade,Fibra 1000,199.9,Eduarda Gomes,Xavier Esteves,Rafael Henrique,16.338.174-8,802.483.845-11,,,eduarda.gomes34@yahoo.com,Médio risco de crédito,16,Cartão de Crédito,2025-10-26,https://files.example.com/doc-rg-cnh/eduarda-gomes-w1J0c4.pdf,https://files.example.com/comp-resid/eduarda-gomes-Pf10Uu.pdf,uFExlKFGlSH3ouQj,Inconclusivo,Com risco,Reprovado,Não
TEN-5435,Facebook Leads,ADS-929423,2025-08-25 23:49:05,ADDR-9731258,"Avenida Amazonas, 859 - Centro, Fortaleza/CE, CEP 93945-268",93945-268,859,Canal,Telefone,qmSA0sI0,Origem,Facebook Leads,Lg3Bph,Tracking,utm_source,HQVxR2FDCl,CE,Fortaleza,"-15.796044,-58.700505",Centro,Amazonas,Avenida,True,INV-3148,300,FTTH,N/PORTA,Necessita Viabilidade,Fibra 500,129.9,Wesley Oliveira,Felipe Oliveira,Eduarda Barbosa,90.466.228-6,427.206.046-58,,,wesley.oliveira76@outlook.com,Médio risco de crédito,11,PIX,,https://files.example.com/doc-rg-cnh/wesley-oliveira-WM5Zkl.pdf,https://files.example.com/comp-resid/wesley-oliveira-fDlB8l.pdf,KpTk55m89jJIWFvV,Reprovado,Sem Risco Aparente,Pendente,Não
TEN-5919,Facebook Leads,ADS-388108,2025-07-18 09:47:04,ADDR-3947067,"Travessa XV de Novembro, 5465 - Santa Cecília, Goiânia/GO, CEP 31465-229",31465-229,5465,Canal,WhatsApp,plGY8zpt,Origem,Facebook Leads,h2Xi4E,Tracking,utm_term,C72AB1oMN9,GO,Goiânia,"-31.570212,-64.755188",Santa Cecília,XV de Novembro,Travessa,True,INV-8412,300,HFC,PEND,Necessita Viabilidade,Fibra 1000,199.9,Rafael Esteves,Isabela Henrique,Gabriela Wagner,71.430.297-6,672.644.835-09,52.868.838/1094-88,Soluções Gamma Ltda.,rafael.esteves2@uol.com.br,Baixo risco de crédito,17,Cartão de Crédito,2025-08-11,,,V6GJjsppWui61Igh,Reprovado,Inconclusivo,Pendente,Não
TEN-8925,Parceria Loja,ADS-177973,2025-08-03 04:04:49,ADDR-2858898,"Travessa Paulista, 7873 - Santa Cecília, Recife/PE, CEP 26773-274",26773-274,7873,Canal,Site,hetOMlfk,Origem,Parceria Loja,22V4lN,Tracking,utm_campaign,V43FTuT15j,PE,Recife,"-28.450727,-57.394425",Santa Cecília,Paulista,Travessa,True,INV-8322,300,FTTC,N/PORTA,Backhaul Sem Porta,Fibra 700,149.9,Felipe Oliveira,Carla Barbosa,Bruno Silva,70.698.332-6,440.045.058-95,87.576.486/1743-22,Soluções Alfa Ltda.,felipe.oliveira83@gmail.com,Médio risco de crédito,19,PIX,2025-08-23,https://files.example.com/doc-rg-cnh/felipe-oliveira-Rk98AC.pdf,https://files.example.com/comp-resid/felipe-oliveira-cqdsXc.pdf,SfcPAmRK2MiehcWq,Reprovado,Sem Risco Aparente,Pendente,Não
TEN-5561,Parceria Loja,ADS-839610,2025-08-27 07:45:29,ADDR-7815351,"Avenida Paraná, 9666 - Centro, Belo Horizonte/MG, CEP 16323-610",16323-610,9666,Canal,WhatsApp,7slz73JU,Origem,Parceria Loja,sCnLWI,Tracking,utm_campaign,oWR1IsxSs8,MG,Belo Horizonte,"-27.842432,-47.389138",Centro,Paraná,Avenida,True,INV-7423,1000,FTTH,OK,Cobertura Direta,Fibra 1000,199.9,Carla Cardoso,Zélia Oliveira,Diego Klein,14.369.473-1,361.636.755-76,,,carla.cardoso93@proton.me,Baixo risco de crédito,17,Boleto,,https://files.example.com/doc-rg-cnh/carla-cardoso-g94w4C.pdf,https://files.example.com/comp-resid/carla-cardoso-4batHT.pdf,meaam6AqlBpnCz8A,Aprovado,Sem Risco Aparente,Aprovado,Não
TEN-1390,Parceria Loja,ADS-539829,2025-06-12 04:57:43,ADDR-1025763,"Travessa das Palmeiras, 6482 - Pinheiros, Recife/PE, CEP 58610-355",58610-355,6482,Canal,WhatsApp,ukJukSqT,Origem,Parceria Loja,TMsP83,Tracking,utm_source,92SbE9FOLI,PE,Recife,"-31.929577,-53.780367",Pinheiros,das Palmeiras,Travessa,True,INV-8070,700,HFC,PEND,Cobertura Direta,Fibra 300,99.9,Carla Pereira,Eduarda Oliveira,Diego Igarashi,20.211.703-5,851.842.626-01,,,carla.pereira19@uol.com.br,Baixo risco de crédito,27,Débito Automático,2025-07-02,,https://files.example.com/comp-resid/carla-pereira-zrTN85.pdf,e3ftsoxnDqG8dgjn,Reprovado,Com risco,Reprovado,Não
TEN-3343,Parceria Loja,ADS-826074,2025-07-07 01:41:23,ADDR-1185237,"Alameda Paraná, 8171 - Vila Nova, Rio de Janeiro/RJ, CEP 48415-234",48415-234,8171,Canal,Telefone,zJ63s8ru,Origem,Parceria Loja,B0d4XE,Tracking,utm_campaign,7WWT9uPHc0,RJ,Rio de Janeiro,"-25.430128,-56.339985",Vila Nova,Paraná,Alameda,True,INV-8979,300,FTTH,PEND,Necessita Viabilidade,Fibra 300,99.9,João Nascimento,Carla Oliveira,Olivia Zanin,48.014.809-1,385.322.356-70,,,joão.nascimento60@proton.me,Baixo risco de crédito,2,PIX,,,https://files.example.com/comp-resid/joão-nascimento-vI75Ed.pdf,cg57DoSvC7hNYO98,Aprovado,Sem Risco Aparente,Aprovado,Não
TEN-1222,Parceria Loja,ADS-164469,2025-07-27 21:11:25,ADDR-4283301,"Alameda Ipanema, 8414 - Vila Nova, Rio de Janeiro/RJ, CEP 16407-189",16407-189,8414,Canal,Site,4YDiuaFX,Origem,Parceria Loja,c7a8tq,Tracking,utm_source,DD58bPfJzV,RJ,Rio de Janeiro,"-33.355507,-70.765335",Vila Nova,Ipanema,Alameda,True,INV-7759,500,HFC,SEM-COB,Cobertura Direta,Fibra 500,129.9,Ana Dias,Tiago Machado,João Henrique,86.597.139-6,769.231.545-02,,,ana.dias5@proton.me,Médio risco de crédito,12,Cartão de Crédito,2025-08-17,https://files.example.com/doc-rg-cnh/ana-dias-1mdK8c.pdf,https://files.example.com/comp-resid/ana-dias-wWXVXb.pdf,R0tcZ3bIsSE0ZmLj,Aprovado,Inconclusivo,Pendente,Não
TEN-3627,Recomendação,ADS-812819,2025-09-24 04:40:25,ADDR-4678810,"Travessa das Palmeiras, 6828 - Santa Cecília, Fortaleza/CE, CEP 56687-132",56687-132,6828,Canal,Telefone,sRZbyoGw,Origem,Recomendação,SyjVry,Tracking,utm_term,xizhHakYKB,CE,Fortaleza,"-14.133899,-63.203235",Santa Cecília,das Palmeiras,Travessa,True,INV-8121,500,FTTC,N/PORTA,Backhaul Sem Porta,Fibra 1000,199.9,João Zanin,Queila Machado,Wesley Dias,92.699.796-8,001.896.722-18,,,joão.zanin48@uol.com.br,Médio risco de crédito,9,Cartão de Crédito,,https://files.example.com/doc-rg-cnh/joão-zanin-xeK03N.pdf,https://files.example.com/comp-resid/joão-zanin-4KYkdi.pdf,bHF2NFa3CcL4dPJa,Reprovado,Sem Risco Aparente,Pendente,Não
TEN-2958,Orgânico,ADS-374026,2025-06-20 22:01:42,ADDR-2965275,"Travessa Copacabana, 3153 - Centro, São Paulo/SP, CEP 70862-436",70862-436,3153,Canal,Telefone,KbxZBupU,Origem,Orgânico,cVrDZX,Tracking,utm_source,ki2Iryx0VB,SP,São Paulo,"-33.338121,-56.56623",Centro,Copacabana,Travessa,True,INV-6532,500,HFC,PEND,Aguardando Expansão,Fibra 500,129.9,Paulo Klein,Nicolas Ferreira,Carla Esteves,38.594.393-9,359.924.583-52,,,paulo.klein72@yahoo.com,Médio risco de crédito,9,Cartão de Crédito,,https://files.example.com/doc-rg-cnh/paulo-klein-fQaugC.pdf,https://files.example.com/comp-resid/paulo-klein-p5BTy3.pdf,xNORM1E5cK80HbrU,Reprovado,Sem Risco Aparente,Pendente,Não
TEN-8694,Facebook Leads,ADS-301528,2025-08-06 07:12:05,ADDR-4845415,"Travessa Paulista, 5657 - Centro, Recife/PE, CEP 64283-104",64283-104,5657,Canal,Site,lvZMWRTW,Origem,Facebook Leads,xLgzpN,Tracking,utm_term,Pi813542qa,PE,Recife,"-17.809781,-73.441155",Centro,Paulista,Travessa,True,INV-7951,300,FTTH,OK,Backhaul Sem Porta,Fibra 700,149.9,Lucas Queiroz,Carla Silva,Karina Zanin,07.595.032-4,112.340.755-04,,,lucas.queiroz79@gmail.com,Alto risco de crédito,19,Boleto,,https://files.example.com/doc-rg-cnh/lucas-queiroz-g9m1FE.pdf,https://files.example.com/comp-resid/lucas-queiroz-1Ajyft.pdf,p7CUbtXM7y2kHFB4,Inconclusivo,Com risco,Pendente,Não
TEN-2490,Black Friday,ADS-929021,2025-07-23 08:27:50,ADDR-8057456,"Alameda Paraná, 6540 - Centro, Rio de Janeiro/RJ, CEP 63115-901",63115-901,6540,Canal,Loja,uXwvX1cw,Origem,Black Friday,twxCoV,Tracking,utm_term,LI51Gok6gq,RJ,Rio de Janeiro,"-27.889943,-67.311267",Centro,Paraná,Alameda,True,INV-9343,700,HFC,OK,Aguardando Expansão,Fibra 700,149.9,Ursula Cardoso,Hugo Dias,Yara Oliveira,02.256.677-5,406.481.096-15,,,ursula.cardoso0@outlook.com,Baixo risco de crédito,10,Débito Automático,2025-08-09,https://files.example.com/doc-rg-cnh/ursula-cardoso-bGgbng.pdf,https://files.example.com/comp-resid/ursula-cardoso-x98poy.pdf,lUDMAnijyDcAoQ6A,Aprovado,Inconclusivo,Aprovado,Não
TEN-3316,Black Friday,ADS-816312,2025-08-29 12:30:48,ADDR-9289188,"Rua Chile, 1996 - Savassi, São Paulo/SP, CEP 30920-945",30920-945,1996,Canal,Loja,PxPScwNX,Origem,Black Friday,hOu7H8,Tracking,utm_source,Htqqg9ZOi6,SP,São Paulo,"-27.322311,-55.879505",Savassi,Chile,Rua,True,INV-5436,700,FTTC,SEM-COB,Necessita Viabilidade,Fibra 500,129.9,Vitor Ramos,Eduarda Yamamoto,Zélia Silva,46.064.173-0,313.782.392-70,,,vitor.ramos25@outlook.com,Médio risco de crédito,14,Boleto,2025-09-23,,https://files.example.com/comp-resid/vitor-ramos-hFHEpx.pdf,uK9BveipINyY9w0G,Aprovado,Inconclusivo,Aprovado,Não
TEN-9480,Orgânico,ADS-968868,2025-08-26 12:47:38,ADDR-1448851,"Travessa Paulista, 6733 - Boa Viagem, Recife/PE, CEP 70192-771",70192-771,6733,Canal,Site,baus126G,Origem,Orgânico,QZXyNu,Tracking,utm_term,xtv1cuIsOU,PE,Recife,"-25.344234,-54.029481",Boa Viagem,Paulista,Travessa,True,INV-1384,700,FTTH,SEM-COB,Necessita Viabilidade,Fibra 1000,199.9,Sofia Queiroz,Felipe Silva,João Zanin,65.935.218-8,493.820.988-87,,,sofia.queiroz76@icloud.com,Baixo risco de crédito,14,PIX,2025-09-03,https://files.example.com/doc-rg-cnh/sofia-queiroz-kkdqfd.pdf,https://files.example.com/comp-resid/sofia-queiroz-jRsoQ6.pdf,VvmVkh7THcoxc0nJ,Inconclusivo,Com risco,Reprovado,Não
TEN-6849,Parceria Loja,ADS-828800,2025-10-19 23:18:27,ADDR-1049577,"Alameda Amazonas, 1744 - Savassi, Goiânia/GO, CEP 81234-907",81234-907,1744,Canal,WhatsApp,mdZaJiyP,Origem,Parceria Loja,1Uy1NX,Tracking,utm_term,suzT8kyUs0,GO,Goiânia,"-18.743638,-67.194965",Savassi,Amazonas,Alameda,True,INV-9919,300,FTTC,PEND,Backhaul Sem Porta,Fibra 300,99.9,Ursula Nascimento,Karina Yamamoto,Karina Klein,42.910.843-4,671.266.282-69,,,ursula.nascimento58@proton.me,Alto risco de crédito,28,Boleto,2025-11-12,https://files.example.com/doc-rg-cnh/ursula-nascimento-iMsy25.pdf,https://files.example.com/comp-resid/ursula-nascimento-S2ynWN.pdf,zNxJ7d0AMtvRo8zy,Inconclusivo,Sem Risco Aparente,Pendente,Sim
TEN-9329,Black Friday,ADS-671365,2025-07-12 19:33:53,ADDR-1031655,"Rua Amazonas, 619 - Centro, Florianópolis/SC, CEP 72558-700",72558-700,619,Canal,Loja,uZpV8Tas,Origem,Black Friday,u9Miec,Tracking,utm_source,NqVMYzNscr,SC,Florianópolis,"-25.659948,-61.342062",Centro,Amazonas,Rua,True,INV-7366,300,HFC,N/PORTA,Cobertura Direta,Fibra 300,99.9,Ana Teixeira,Rafael Uchoa,Sofia Barbosa,11.632.880-3,862.866.411-49,,,ana.teixeira48@yahoo.com,Alto risco de crédito,27,Boleto,2025-07-17,https://files.example.com/doc-rg-cnh/ana-teixeira-T44sh8.pdf,,yTO6QdAbZUhCXvHc,Inconclusivo,Sem Risco Aparente,Reprovado,Não
TEN-7658,Recomendação,ADS-310243,2025-09-24 05:19:38,ADDR-9276848,"Alameda XV de Novembro, 845 - Jardim América, São Paulo/SP, CEP 69920-360",69920-360,845,Canal,Loja,0sfm5Q7P,Origem,Recomendação,pIQH5p,Tracking,utm_campaign,NyqmLIt9f1,SP,São Paulo,"-29.966593,-64.379234",Jardim América,XV de Novembro,Alameda,False,INV-8759,300,FTTH,PEND,Necessita Viabilidade,Fibra 700,149.9,Olivia Lima,Rafael Gomes,Bruno Gomes,18.707.788-4,043.530.353-80,,,olivia.lima74@icloud.com,Alto risco de crédito,10,Débito Automático,,https://files.example.com/doc-rg-cnh/olivia-lima-n6BUhL.pdf,https://files.example.com/comp-resid/olivia-lima-IRBUW6.pdf,5jUdlCG9P56jzUdr,Inconclusivo,Sem Risco Aparente,Reprovado,Não
TEN-5839,Ads Google,ADS-627125,2025-05-08 13:32:36,ADDR-3518635,"Rua Ipanema, 1083 - Boa Viagem, Rio de Janeiro/RJ, CEP 83431-148",83431-148,1083,Canal,Loja,H9KLuF3Q,Origem,Ads Google,Hgnuy7,Tracking,utm_source,xSDLsjmDo0,RJ,Rio de Janeiro,"-20.296599,-53.236404",Boa Viagem,Ipanema,Rua,True,INV-2672,1000,HFC,N/PORTA,Cobertura Direta,Fibra 500,129.9,Zélia Klein,Carla Lima,Zélia Almeida,92.370.482-0,871.190.941-22,43.331.781/2075-38,Tecnologia Gamma Ltda.,zélia.klein94@uol.com.br,Médio risco de crédito,17,Cartão de Crédito,,https://files.example.com/doc-rg-cnh/zélia-klein-8pfGKG.pdf,https://files.example.com/comp-resid/zélia-klein-3OMjWT.pdf,2thYPoOsl3KQkbXK,Inconclusivo,Com risco,Pendente,Não
TEN-2921,Recomendação,ADS-671092,2025-05-03 12:15:30,ADDR-1953644,"Rua Paraná, 1586 - Pinheiros, Belo Horizonte/MG, CEP 62843-993",62843-993,1586,Canal,Telefone,wGbc66zt,Origem,Recomendação,tewZ6o,Tracking,utm_campaign,jj6YwrMWwa,MG,Belo Horizonte,"-22.371528,-50.501145",Pinheiros,Paraná,Rua,True,INV-7340,1000,FTTC,OK,Aguardando Expansão,Fibra 500,129.9,Rafael Oliveira,Ana Ximenes,Wesley Jardim,96.182.817-0,271.022.965-09,,,rafael.oliveira72@yahoo.com,Baixo risco de crédito,23,Boleto,2025-05-15,https://files.example.com/doc-rg-cnh/rafael-oliveira-BdxLva.pdf,https://files.example.com/comp-resid/rafael-oliveira-5IQYpo.pdf,fVR4JWoqZXdTr0TL,Reprovado,Com risco,Pendente,Não
TEN-4469,Facebook Leads,ADS-725207,2025-05-20 09:54:18,ADDR-4354809,"Avenida Bahia, 4577 - Pinheiros, Recife/PE, CEP 27984-772",27984-772,4577,Canal,Telefone,2yOXFnst,Origem,Facebook Leads,dOEGnK,Tracking,utm_source,C7yoso3scb,PE,Recife,"-30.536355,-52.181864",Pinheiros,Bahia,Avenida,True,INV-4536,500,FTTC,PEND,Backhaul Sem Porta,Fibra 700,149.9,Hugo Esteves,Yara Jardim,Zélia Ferreira,68.755.653-2,124.977.072-60,,,hugo.esteves83@gmail.com,Alto risco de crédito,18,Boleto,,https://files.example.com/doc-rg-cnh/hugo-esteves-YBkEgg.pdf,https://files.example.com/comp-resid/hugo-esteves-aCXUSZ.pdf,9uJOmPzmu8zNSrk6,Aprovado,Com risco,Pendente,Não
TEN-3119,Orgânico,ADS-783521,2025-06-13 19:55:36,ADDR-5519351,"Alameda Amazonas, 8480 - Boa Vista, Porto Alegre/RS, CEP 79909-612",79909-612,8480,Canal,WhatsApp,vUybxQgu,Origem,Orgânico,znGgLr,Tracking,utm_campaign,Z6MDK6vj2b,RS,Porto Alegre,"-26.827681,-71.589273",Boa Vista,Amazonas,Alameda,True,INV-5014,700,FTTH,PEND,Backhaul Sem Porta,Fibra 300,99.9,Tiago Igarashi,Hugo Machado,Sofia Silva,46.258.588-4,904.128.795-73,,,tiago.igarashi64@icloud.com,Médio risco de crédito,16,Débito Automático,2025-06-23,https://files.example.com/doc-rg-cnh/tiago-igarashi-hCUEWp.pdf,https://files.example.com/comp-resid/tiago-igarashi-MESjFe.pdf,R5xIQVbOiZyIgWjU,Inconclusivo,Com risco,Pendente,Não
TEN-6339,Parceria Loja,ADS-969768,2025-06-25 16:52:17,ADDR-8897508,"Avenida Chile, 2669 - Savassi, Florianópolis/SC, CEP 41193-145",41193-145,2669,Canal,Telefone,Ua9KgEyr,Origem,Parceria Loja,69Y4Pi,Tracking,utm_source,SRoHPZi54m,SC,Florianópolis,"-21.441965,-65.444782",Savassi,Chile,Avenida,True,INV-3553,1000,HFC,PEND,Cobertura Direta,Fibra 300,99.9,Diego Esteves,Lucas Yamamoto,Karina Uchoa,21.293.185-4,385.938.982-38,,,diego.esteves89@uol.com.br,Alto risco de crédito,12,Débito Automático,2025-07-15,https://files.example.com/doc-rg-cnh/diego-esteves-GE9kyX.pdf,https://files.example.com/comp-resid/diego-esteves-aHRbYq.pdf,17GMMRn0z1Sz1Dzb,Aprovado,Inconclusivo,Reprovado,Não
TEN-2592,Facebook Leads,ADS-804296,2025-10-16 07:38:09,ADDR-6199947,"Alameda Paraná, 5259 - Jardim América, Curitiba/PR, CEP 22324-311",22324-311,5259,Canal,Loja,CSI6AbMs,Origem,Facebook Leads,3DcUNP,Tracking,utm_source,op7RF8gUJG,PR,Curitiba,"-20.660307,-63.400342",Jardim América,Paraná,Alameda,True,INV-8073,500,FTTH,N/PORTA,Backhaul Sem Porta,Fibra 700,149.9,Paulo Esteves,Vitor Wagner,Tiago Zanin,80.708.447-5,096.999.221-17,99.517.860/1482-54,Tecnologia Alfa Ltda.,paulo.esteves92@icloud.com,Médio risco de crédito,4,Cartão de Crédito,2025-11-02,,https://files.example.com/comp-resid/paulo-esteves-adXEy4.pdf,78cv3Vo257Vdd3zv,Inconclusivo,Sem Risco Aparente,Pendente,Não
TEN-5516,Parceria Loja,ADS-415673,2025-09-21 13:48:33,ADDR-6464645,"Avenida Minas Gerais, 2507 - Santa Cecília, Porto Alegre/RS, CEP 70741-463",70741-463,2507,Canal,Loja,dh9u7apj,Origem,Parceria Loja,Umh4UB,Tracking,utm_term,3dOewQp1tO,RS,Porto Alegre,"-29.714022,-62.675276",Santa Cecília,Minas Gerais,Avenida,False,INV-8175,500,FTTC,PEND,Necessita Viabilidade,Fibra 300,99.9,Isabela Vasconcelos,Tiago Machado,Sofia Cardoso,85.514.516-1,940.093.343-63,,,isabela.vasconcelos84@uol.com.br,Alto risco de crédito,27,PIX,2025-10-06,,https://files.example.com/comp-resid/isabela-vasconcelos-1qFhFk.pdf,9dZNHtfTdcgcDOks,Reprovado,Sem Risco Aparente,Pendente,Não
TEN-5732,Ads Google,ADS-692480,2025-05-07 19:58:16,ADDR-2427087,"Avenida Copacabana, 104 - Boa Viagem, Porto Alegre/RS, CEP 17204-580",17204-580,104,Canal,Site,hHhxz28p,Origem,Ads Google,jpzbyu,Tracking,utm_term,5Qp1WC3FJJ,RS,Porto Alegre,"-24.795273,-72.205154",Boa Viagem,Copacabana,Avenida,True,INV-3071,700,FTTC,PEND,Aguardando Expansão,Fibra 500,129.9,Hugo Esteves,Eduarda Cardoso,Yara Esteves,16.881.877-8,650.130.716-31,,,hugo.esteves64@uol.com.br,Baixo risco de crédito,17,Débito Automático,,https://files.example.com/doc-rg-cnh/hugo-esteves-wPMBop.pdf,https://files.example.com/comp-resid/hugo-esteves-BrdvJU.pdf,dVLdtxn2scAqVgVL,Reprovado,Inconclusivo,Pendente,Não
TEN-9702,Facebook Leads,ADS-738203,2025-09-26 19:47:05,ADDR-3298498,"Avenida Ipanema, 5299 - Pinheiros, Goiânia/GO, CEP 96629-505",96629-505,5299,Canal,Site,mk3TvZDz,Origem,Facebook Leads,cYHhpW,Tracking,utm_source,xQxi9JvwaK,GO,Goiânia,"-18.262402,-62.570427",Pinheiros,Ipanema,Avenida,True,INV-6962,1000,FTTC,N/PORTA,Cobertura Direta,Fibra 1000,199.9,Carla Uchoa,Hugo Teixeira,Hugo Zanin,30.044.899-1,951.892.363-90,,,carla.uchoa90@outlook.com,Baixo risco de crédito,2,Cartão de Crédito,2025-10-20,https://files.example.com/doc-rg-cnh/carla-uchoa-0CAsH8.pdf,https://files.example.com/comp-resid/carla-uchoa-2l3Usz.pdf,1txNT391RXdvfBZm,Inconclusivo,Inconclusivo,Aprovado,Não
